-- --------------------------------------------------------
-- Hôte:                         127.0.0.1
-- Version du serveur:           10.5.8-MariaDB - mariadb.org binary distribution
-- SE du serveur:                Win64
-- HeidiSQL Version:             11.1.0.6116
-- --------------------------------------------------------

/*!40101 SET @OLD_CHARACTER_SET_CLIENT=@@CHARACTER_SET_CLIENT */;
/*!40101 SET NAMES utf8 */;
/*!50503 SET NAMES utf8mb4 */;
/*!40014 SET @OLD_FOREIGN_KEY_CHECKS=@@FOREIGN_KEY_CHECKS, FOREIGN_KEY_CHECKS=0 */;
/*!40101 SET @OLD_SQL_MODE=@@SQL_MODE, SQL_MODE='NO_AUTO_VALUE_ON_ZERO' */;
/*!40111 SET @OLD_SQL_NOTES=@@SQL_NOTES, SQL_NOTES=0 */;

-- Listage des données de la table csunvb_csu.bases : ~5 rows (environ)
/*!40000 ALTER TABLE `bases` DISABLE KEYS */;
INSERT INTO `bases` (`id`, `name`) VALUES
	(5, 'La Vallée-de-Joux'),
	(4, 'Payerne'),
	(3, 'Saint-Loup'),
	(2, 'Ste-Croix'),
	(1, 'Yverdon');
/*!40000 ALTER TABLE `bases` ENABLE KEYS */;

-- Listage des données de la table csunvb_csu.batches : ~45 rows (environ)
/*!40000 ALTER TABLE `batches` DISABLE KEYS */;
INSERT INTO `batches` (`id`, `number`, `state`, `drug_id`, `base_id`) VALUES
	(1, 'F1us', 'used', 1, 1),
	(2, 'F1ne', 'new', 1, 1),
	(3, 'F1in', 'inuse', 1, 1),
	(4, 'M1us', 'used', 2, 1),
	(5, 'M1ne', 'new', 2, 1),
	(6, 'M1in', 'inuse', 2, 1),
	(7, 'T1us', 'used', 3, 1),
	(8, 'T1ne', 'new', 3, 1),
	(9, 'T1in', 'inuse', 3, 1),
	(10, 'F2us', 'used', 1, 2),
	(11, 'F2ne', 'new', 1, 2),
	(12, 'F2in', 'inuse', 1, 2),
	(13, 'M2us', 'used', 2, 2),
	(14, 'M2ne', 'new', 2, 2),
	(15, 'M2in', 'inuse', 2, 2),
	(16, 'T2us', 'used', 3, 2),
	(17, 'T2ne', 'new', 3, 2),
	(18, 'T2in', 'inuse', 3, 2),
	(19, 'F3us', 'used', 1, 3),
	(20, 'F3ne', 'new', 1, 3),
	(21, 'F3in', 'inuse', 1, 3),
	(22, 'M3us', 'used', 2, 3),
	(23, 'M3ne', 'new', 2, 3),
	(24, 'M3in', 'inuse', 2, 3),
	(25, 'T3us', 'used', 3, 3),
	(26, 'T3ne', 'new', 3, 3),
	(27, 'T3in', 'inuse', 3, 3),
	(28, 'F4us', 'used', 1, 4),
	(29, 'F4ne', 'new', 1, 4),
	(30, 'F4in', 'inuse', 1, 4),
	(31, 'M4us', 'used', 2, 4),
	(32, 'M4ne', 'new', 2, 4),
	(33, 'M4in', 'inuse', 2, 4),
	(34, 'T4us', 'used', 3, 4),
	(35, 'T4ne', 'new', 3, 4),
	(36, 'T4in', 'inuse', 3, 4),
	(37, 'F5us', 'used', 1, 5),
	(38, 'F5ne', 'new', 1, 5),
	(39, 'F5in', 'inuse', 1, 5),
	(40, 'M5us', 'used', 2, 5),
	(41, 'M5ne', 'new', 2, 5),
	(42, 'M5in', 'inuse', 2, 5),
	(43, 'T5us', 'used', 3, 5),
	(44, 'T5ne', 'new', 3, 5),
	(45, 'T5in', 'inuse', 3, 5);
/*!40000 ALTER TABLE `batches` ENABLE KEYS */;

-- Listage des données de la table csunvb_csu.drugs : ~3 rows (environ)
/*!40000 ALTER TABLE `drugs` DISABLE KEYS */;
INSERT INTO `drugs` (`id`, `name`) VALUES
	(1, 'Fentanyl'),
	(2, 'Morphine'),
	(3, 'Temesta');
/*!40000 ALTER TABLE `drugs` ENABLE KEYS */;

-- Listage des données de la table csunvb_csu.drugsheets : ~5 rows (environ)
/*!40000 ALTER TABLE `drugsheets` DISABLE KEYS */;
INSERT INTO `drugsheets` (`id`, `week`, `status_id`, `base_id`) VALUES
	(22, 2105, 2, 1),
	(23, 2105, 2, 2),
	(25, 2105, 2, 3),
	(26, 2105, 2, 4),
	(27, 2105, 2, 5);
/*!40000 ALTER TABLE `drugsheets` ENABLE KEYS */;

-- Listage des données de la table csunvb_csu.drugsheet_use_batch : ~3 rows (environ)
/*!40000 ALTER TABLE `drugsheet_use_batch` DISABLE KEYS */;
INSERT INTO `drugsheet_use_batch` (`id`, `drugsheet_id`, `batch_id`) VALUES
	(109, 23, 4),
	(110, 23, 8),
	(111, 23, 13);
/*!40000 ALTER TABLE `drugsheet_use_batch` ENABLE KEYS */;

-- Listage des données de la table csunvb_csu.drugsheet_use_nova : ~2 rows (environ)
/*!40000 ALTER TABLE `drugsheet_use_nova` DISABLE KEYS */;
INSERT INTO `drugsheet_use_nova` (`id`, `drugsheet_id`, `nova_id`) VALUES
	(51, 23, 3),
	(52, 23, 5);
/*!40000 ALTER TABLE `drugsheet_use_nova` ENABLE KEYS */;

-- Listage des données de la table csunvb_csu.drugsignatures : ~0 rows (environ)
/*!40000 ALTER TABLE `drugsignatures` DISABLE KEYS */;
/*!40000 ALTER TABLE `drugsignatures` ENABLE KEYS */;

-- Listage des données de la table csunvb_csu.logs : ~6 rows (environ)
/*!40000 ALTER TABLE `logs` DISABLE KEYS */;
INSERT INTO `logs` (`id`, `timestamp`, `user_id`, `report_type`, `report_id`, `info`) VALUES
	(1, '2021-05-25 11:43:02', 6, 'SHIFT', 22, 'Changement d\'état : ré-ouvert'),
	(2, '2021-05-25 11:43:06', 6, 'SHIFT', 16, 'Changement d\'état : ré-ouvert'),
	(3, '2021-05-25 12:11:16', 6, 'SHIFT', 23, 'Changement d\'état : fermé'),
	(4, '2021-05-25 12:11:30', 6, 'SHIFT', 30, 'Changement d\'état : ouvert'),
	(5, '2021-05-25 12:12:39', 103, 'SHIFT', 30, 'Changement d\'état : fermé'),
	(6, '2021-05-25 12:12:43', 103, 'SHIFT', 30, 'Changement d\'état : ré-ouvert');
/*!40000 ALTER TABLE `logs` ENABLE KEYS */;

-- Listage des données de la table csunvb_csu.novachecks : ~18 rows (environ)
/*!40000 ALTER TABLE `novachecks` DISABLE KEYS */;
INSERT INTO `novachecks` (`id`, `date`, `start`, `end`, `drug_id`, `nova_id`, `user_id`, `drugsheet_id`) VALUES
	(673, '2021-02-01 00:00:00', 6, 6, 1, 3, 11, 23),
	(674, '2021-02-01 00:00:00', 6, 6, 1, 5, 22, 23),
	(675, '2021-02-01 00:00:00', 6, 6, 2, 3, 22, 23),
	(676, '2021-02-01 00:00:00', 6, 6, 2, 5, 33, 23),
	(677, '2021-02-01 00:00:00', 6, 6, 3, 3, 44, 23),
	(678, '2021-02-01 00:00:00', 5, 5, 3, 5, 55, 23),
	(679, '2021-02-02 00:00:00', 6, 6, 1, 3, 66, 23),
	(680, '2021-02-02 00:00:00', 6, 6, 1, 5, 77, 23),
	(681, '2021-02-02 00:00:00', 6, 6, 2, 3, 87, 23),
	(682, '2021-02-02 00:00:00', 6, 5, 2, 5, 76, 23),
	(683, '2021-02-02 00:00:00', 6, 6, 3, 3, 65, 23),
	(684, '2021-02-02 00:00:00', 6, 6, 3, 5, 54, 23),
	(685, '2021-02-03 00:00:00', 4, NULL, 1, 3, 43, 23),
	(686, '2021-02-03 00:00:00', 6, NULL, 1, 5, 3, 23),
	(687, '2021-02-03 00:00:00', 6, NULL, 2, 3, 23, 23),
	(688, '2021-02-03 00:00:00', 6, NULL, 2, 5, 32, 23),
	(689, '2021-02-03 00:00:00', 6, NULL, 3, 3, 21, 23),
	(690, '2021-02-03 00:00:00', 6, NULL, 3, 5, 12, 23);
/*!40000 ALTER TABLE `novachecks` ENABLE KEYS */;

-- Listage des données de la table csunvb_csu.novas : ~11 rows (environ)
/*!40000 ALTER TABLE `novas` DISABLE KEYS */;
INSERT INTO `novas` (`id`, `number`) VALUES
	(1, 31),
	(2, 32),
	(3, 33),
	(4, 35),
	(5, 36),
	(11, 43),
	(6, 57),
	(7, 58),
	(8, 75),
	(9, 76),
	(10, 77);
/*!40000 ALTER TABLE `novas` ENABLE KEYS */;

-- Listage des données de la table csunvb_csu.novaunavailabilites : ~0 rows (environ)
/*!40000 ALTER TABLE `novaunavailabilites` DISABLE KEYS */;
/*!40000 ALTER TABLE `novaunavailabilites` ENABLE KEYS */;

-- Listage des données de la table csunvb_csu.pharmachecks : ~9 rows (environ)
/*!40000 ALTER TABLE `pharmachecks` DISABLE KEYS */;
INSERT INTO `pharmachecks` (`id`, `date`, `start`, `end`, `batch_id`, `user_id`, `drugsheet_id`) VALUES
	(5150, '2021-02-01 00:00:00', 12, 11, 4, 4, 23),
	(5151, '2021-02-01 00:00:00', 8, 8, 8, 8, 23),
	(5152, '2021-02-01 00:00:00', 6, 4, 13, 13, 23),
	(5153, '2021-02-02 00:00:00', 11, 11, 4, 7, 23),
	(5154, '2021-02-02 00:00:00', 8, 7, 8, 8, 23),
	(5155, '2021-02-02 00:00:00', 4, 4, 13, 2, 23),
	(5156, '2021-02-03 00:00:00', 11, NULL, 4, 7, 23),
	(5157, '2021-02-03 00:00:00', 7, NULL, 8, 66, 23),
	(5158, '2021-02-03 00:00:00', 4, NULL, 13, 4, 23);
/*!40000 ALTER TABLE `pharmachecks` ENABLE KEYS */;

-- Listage des données de la table csunvb_csu.restocks : ~2 rows (environ)
/*!40000 ALTER TABLE `restocks` DISABLE KEYS */;
INSERT INTO `restocks` (`id`, `date`, `quantity`, `batch_id`, `nova_id`, `user_id`) VALUES
	(5, '2021-02-01 00:00:00', 1, 4, 5, 2),
	(6, '2021-02-01 00:00:00', 2, 13, 3, 3);
/*!40000 ALTER TABLE `restocks` ENABLE KEYS */;

-- Listage des données de la table csunvb_csu.shiftactions : ~19 rows (environ)
/*!40000 ALTER TABLE `shiftactions` DISABLE KEYS */;
INSERT INTO `shiftactions` (`id`, `text`, `shiftsection_id`) VALUES
	(1, 'Radios', 1),
	(2, 'Détecteurs CO', 1),
	(3, 'Téléphones', 1),
	(4, 'Gt info avisé', 1),
	(5, 'Annonce 144', 1),
	(6, 'Plein essence', 2),
	(7, 'Opérationnel', 2),
	(8, 'Rdv garage', 2),
	(9, 'Gt vhc avisé', 2),
	(10, '50chf présents', 2),
	(11, 'Problèmes d\'interventions hors véhicules', 2),
	(12, 'Info trafic consulté', 3),
	(13, 'Report des infos trafic sur plan de secteur', 3),
	(14, 'Accueil étudiant ou stagiaire', 3),
	(15, 'Lecture journal de bord ', 3),
	(16, 'Problème et responsable Gt avisé', 3),
	(17, 'Centrale propre', 4),
	(18, 'Tâches du jour effectuées', 4),
	(19, 'Dimanche ', 4);
/*!40000 ALTER TABLE `shiftactions` ENABLE KEYS */;

-- Listage des données de la table csunvb_csu.shiftchecks : ~1'406 rows (environ)
/*!40000 ALTER TABLE `shiftchecks` DISABLE KEYS */;
INSERT INTO `shiftchecks` (`id`, `day`, `time`, `shiftsheet_id`, `user_id`, `shiftaction_id`) VALUES
	(1, 1, '2021-05-25 10:53:22', 8, 1, 1),
	(2, 0, '2021-05-25 10:53:22', 8, 1, 3),
	(3, 1, '2021-05-25 10:53:22', 8, 10, 3),
	(4, 1, '2021-05-25 10:53:22', 8, 8, 4),
	(5, 0, '2021-05-25 10:53:22', 8, 5, 5),
	(6, 1, '2021-05-25 10:53:22', 8, 6, 7),
	(7, 1, '2021-05-25 10:53:22', 8, 9, 9),
	(8, 0, '2021-05-25 10:53:22', 8, 5, 12),
	(9, 0, '2021-05-25 10:53:22', 8, 2, 13),
	(10, 0, '2021-05-25 10:53:22', 8, 7, 15),
	(11, 0, '2021-05-25 10:53:22', 8, 7, 17),
	(12, 1, '2021-05-25 10:53:22', 8, 4, 17),
	(13, 0, '2021-05-25 10:53:22', 8, 5, 18),
	(14, 1, '2021-05-25 10:53:22', 8, 4, 19),
	(15, 0, '2021-05-25 10:53:22', 23, 7, 2),
	(16, 1, '2021-05-25 10:53:22', 23, 1, 2),
	(17, 0, '2021-05-25 10:53:22', 23, 10, 3),
	(18, 1, '2021-05-25 10:53:22', 23, 8, 3),
	(19, 1, '2021-05-25 10:53:22', 23, 12, 5),
	(20, 0, '2021-05-25 10:53:22', 23, 4, 6),
	(21, 0, '2021-05-25 10:53:22', 23, 9, 7),
	(22, 0, '2021-05-25 10:53:22', 23, 11, 8),
	(23, 1, '2021-05-25 10:53:22', 23, 10, 9),
	(24, 0, '2021-05-25 10:53:22', 23, 6, 10),
	(25, 0, '2021-05-25 10:53:22', 23, 6, 11),
	(26, 0, '2021-05-25 10:53:22', 23, 6, 12),
	(27, 1, '2021-05-25 10:53:22', 23, 11, 12),
	(28, 0, '2021-05-25 10:53:22', 23, 8, 13),
	(29, 0, '2021-05-25 10:53:22', 23, 4, 14),
	(30, 1, '2021-05-25 10:53:22', 23, 9, 14),
	(31, 1, '2021-05-25 10:53:22', 23, 12, 15),
	(32, 0, '2021-05-25 10:53:22', 23, 2, 16),
	(33, 1, '2021-05-25 10:53:22', 23, 1, 17),
	(34, 1, '2021-05-25 10:53:22', 23, 5, 18),
	(35, 1, '2021-05-25 10:53:22', 23, 2, 19),
	(36, 0, '2021-05-25 10:53:22', 38, 1, 1),
	(37, 1, '2021-05-25 10:53:22', 38, 9, 1),
	(38, 1, '2021-05-25 10:53:22', 38, 4, 2),
	(39, 1, '2021-05-25 10:53:22', 38, 3, 4),
	(40, 1, '2021-05-25 10:53:22', 38, 7, 5),
	(41, 1, '2021-05-25 10:53:22', 38, 5, 6),
	(42, 0, '2021-05-25 10:53:22', 38, 5, 8),
	(43, 0, '2021-05-25 10:53:22', 38, 10, 9),
	(44, 0, '2021-05-25 10:53:22', 38, 2, 10),
	(45, 1, '2021-05-25 10:53:22', 38, 6, 10),
	(46, 0, '2021-05-25 10:53:22', 38, 8, 13),
	(47, 1, '2021-05-25 10:53:22', 38, 8, 14),
	(48, 1, '2021-05-25 10:53:22', 38, 7, 15),
	(49, 0, '2021-05-25 10:53:22', 38, 9, 16),
	(50, 1, '2021-05-25 10:53:22', 38, 3, 17),
	(51, 0, '2021-05-25 10:53:22', 38, 10, 18),
	(52, 1, '2021-05-25 10:53:22', 38, 1, 18),
	(53, 0, '2021-05-25 10:53:22', 53, 1, 1),
	(54, 1, '2021-05-25 10:53:22', 53, 5, 1),
	(55, 0, '2021-05-25 10:53:22', 53, 3, 2),
	(56, 0, '2021-05-25 10:53:22', 53, 8, 5),
	(57, 0, '2021-05-25 10:53:22', 53, 1, 6),
	(58, 1, '2021-05-25 10:53:22', 53, 6, 6),
	(59, 1, '2021-05-25 10:53:22', 53, 4, 9),
	(60, 1, '2021-05-25 10:53:22', 53, 12, 10),
	(61, 0, '2021-05-25 10:53:22', 53, 5, 14),
	(62, 1, '2021-05-25 10:53:22', 53, 5, 14),
	(63, 1, '2021-05-25 10:53:22', 53, 6, 15),
	(64, 1, '2021-05-25 10:53:22', 53, 10, 16),
	(65, 0, '2021-05-25 10:53:22', 53, 4, 18),
	(66, 1, '2021-05-25 10:53:22', 53, 5, 19),
	(67, 0, '2021-05-25 10:53:22', 68, 2, 1),
	(68, 0, '2021-05-25 10:53:22', 68, 5, 2),
	(69, 1, '2021-05-25 10:53:22', 68, 6, 2),
	(70, 0, '2021-05-25 10:53:22', 68, 2, 3),
	(71, 0, '2021-05-25 10:53:22', 68, 2, 6),
	(72, 1, '2021-05-25 10:53:22', 68, 8, 7),
	(73, 0, '2021-05-25 10:53:22', 68, 4, 8),
	(74, 1, '2021-05-25 10:53:22', 68, 9, 8),
	(75, 0, '2021-05-25 10:53:22', 68, 4, 9),
	(76, 1, '2021-05-25 10:53:22', 68, 2, 10),
	(77, 0, '2021-05-25 10:53:22', 68, 4, 11),
	(78, 0, '2021-05-25 10:53:22', 68, 5, 12),
	(79, 0, '2021-05-25 10:53:22', 68, 11, 14),
	(80, 1, '2021-05-25 10:53:22', 68, 9, 14),
	(81, 0, '2021-05-25 10:53:22', 68, 3, 15),
	(82, 1, '2021-05-25 10:53:22', 68, 8, 15),
	(83, 0, '2021-05-25 10:53:22', 68, 5, 16),
	(84, 0, '2021-05-25 10:53:22', 68, 8, 17),
	(85, 0, '2021-05-25 10:53:22', 68, 8, 18),
	(86, 0, '2021-05-25 10:53:22', 68, 9, 19),
	(87, 1, '2021-05-25 10:53:22', 68, 6, 19),
	(88, 0, '2021-05-25 10:53:22', 1, 6, 1),
	(89, 1, '2021-05-25 10:53:22', 1, 6, 1),
	(90, 0, '2021-05-25 10:53:22', 1, 6, 2),
	(91, 1, '2021-05-25 10:53:22', 1, 11, 2),
	(92, 0, '2021-05-25 10:53:22', 1, 1, 3),
	(93, 1, '2021-05-25 10:53:22', 1, 11, 3),
	(94, 0, '2021-05-25 10:53:22', 1, 7, 4),
	(95, 1, '2021-05-25 10:53:22', 1, 2, 4),
	(96, 0, '2021-05-25 10:53:22', 1, 10, 5),
	(97, 1, '2021-05-25 10:53:22', 1, 5, 5),
	(98, 0, '2021-05-25 10:53:22', 1, 3, 6),
	(99, 1, '2021-05-25 10:53:22', 1, 6, 6),
	(100, 0, '2021-05-25 10:53:22', 1, 3, 7),
	(101, 1, '2021-05-25 10:53:22', 1, 12, 7),
	(102, 0, '2021-05-25 10:53:22', 1, 2, 8),
	(103, 1, '2021-05-25 10:53:22', 1, 1, 8),
	(104, 0, '2021-05-25 10:53:22', 1, 4, 9),
	(105, 1, '2021-05-25 10:53:22', 1, 2, 9),
	(106, 0, '2021-05-25 10:53:22', 1, 5, 10),
	(107, 1, '2021-05-25 10:53:22', 1, 9, 10),
	(108, 0, '2021-05-25 10:53:22', 1, 5, 11),
	(109, 1, '2021-05-25 10:53:22', 1, 3, 11),
	(110, 0, '2021-05-25 10:53:22', 1, 6, 12),
	(111, 1, '2021-05-25 10:53:22', 1, 1, 12),
	(112, 0, '2021-05-25 10:53:22', 1, 10, 13),
	(113, 1, '2021-05-25 10:53:22', 1, 8, 13),
	(114, 0, '2021-05-25 10:53:22', 1, 2, 14),
	(115, 1, '2021-05-25 10:53:22', 1, 2, 14),
	(116, 0, '2021-05-25 10:53:22', 1, 1, 15),
	(117, 1, '2021-05-25 10:53:22', 1, 12, 15),
	(118, 0, '2021-05-25 10:53:22', 1, 9, 16),
	(119, 1, '2021-05-25 10:53:22', 1, 7, 16),
	(120, 0, '2021-05-25 10:53:22', 1, 10, 17),
	(121, 1, '2021-05-25 10:53:22', 1, 3, 17),
	(122, 0, '2021-05-25 10:53:22', 1, 11, 18),
	(123, 1, '2021-05-25 10:53:22', 1, 11, 18),
	(124, 0, '2021-05-25 10:53:22', 1, 9, 19),
	(125, 1, '2021-05-25 10:53:22', 1, 5, 19),
	(126, 0, '2021-05-25 10:53:22', 2, 2, 1),
	(127, 1, '2021-05-25 10:53:22', 2, 11, 1),
	(128, 0, '2021-05-25 10:53:22', 2, 7, 2),
	(129, 1, '2021-05-25 10:53:22', 2, 7, 2),
	(130, 0, '2021-05-25 10:53:22', 2, 3, 3),
	(131, 1, '2021-05-25 10:53:22', 2, 4, 3),
	(132, 0, '2021-05-25 10:53:22', 2, 2, 4),
	(133, 1, '2021-05-25 10:53:22', 2, 5, 4),
	(134, 0, '2021-05-25 10:53:22', 2, 12, 5),
	(135, 1, '2021-05-25 10:53:22', 2, 8, 5),
	(136, 0, '2021-05-25 10:53:22', 2, 6, 6),
	(137, 1, '2021-05-25 10:53:22', 2, 4, 6),
	(138, 0, '2021-05-25 10:53:22', 2, 3, 7),
	(139, 1, '2021-05-25 10:53:22', 2, 8, 7),
	(140, 0, '2021-05-25 10:53:22', 2, 4, 8),
	(141, 1, '2021-05-25 10:53:22', 2, 9, 8),
	(142, 0, '2021-05-25 10:53:22', 2, 1, 9),
	(143, 1, '2021-05-25 10:53:22', 2, 2, 9),
	(144, 0, '2021-05-25 10:53:22', 2, 1, 10),
	(145, 1, '2021-05-25 10:53:22', 2, 6, 10),
	(146, 0, '2021-05-25 10:53:22', 2, 12, 11),
	(147, 1, '2021-05-25 10:53:22', 2, 8, 11),
	(148, 0, '2021-05-25 10:53:22', 2, 7, 12),
	(149, 1, '2021-05-25 10:53:22', 2, 9, 12),
	(150, 1, '2021-05-25 10:53:22', 2, 12, 13),
	(151, 0, '2021-05-25 10:53:22', 2, 3, 14),
	(152, 1, '2021-05-25 10:53:22', 2, 6, 14),
	(153, 0, '2021-05-25 10:53:22', 2, 11, 15),
	(154, 1, '2021-05-25 10:53:22', 2, 12, 15),
	(155, 0, '2021-05-25 10:53:22', 2, 5, 16),
	(156, 1, '2021-05-25 10:53:22', 2, 11, 16),
	(157, 0, '2021-05-25 10:53:22', 2, 10, 17),
	(158, 1, '2021-05-25 10:53:22', 2, 8, 17),
	(159, 0, '2021-05-25 10:53:22', 2, 3, 18),
	(160, 1, '2021-05-25 10:53:22', 2, 6, 18),
	(161, 0, '2021-05-25 10:53:22', 2, 10, 19),
	(162, 1, '2021-05-25 10:53:22', 2, 8, 19),
	(163, 0, '2021-05-25 10:53:22', 3, 9, 1),
	(164, 1, '2021-05-25 10:53:22', 3, 10, 1),
	(165, 0, '2021-05-25 10:53:22', 3, 6, 2),
	(166, 1, '2021-05-25 10:53:22', 3, 10, 2),
	(167, 0, '2021-05-25 10:53:22', 3, 1, 3),
	(168, 1, '2021-05-25 10:53:22', 3, 10, 3),
	(169, 0, '2021-05-25 10:53:22', 3, 8, 4),
	(170, 1, '2021-05-25 10:53:22', 3, 2, 4),
	(171, 0, '2021-05-25 10:53:22', 3, 12, 5),
	(172, 1, '2021-05-25 10:53:22', 3, 4, 5),
	(173, 0, '2021-05-25 10:53:22', 3, 3, 6),
	(174, 1, '2021-05-25 10:53:22', 3, 12, 6),
	(175, 0, '2021-05-25 10:53:22', 3, 3, 7),
	(176, 1, '2021-05-25 10:53:22', 3, 4, 7),
	(177, 0, '2021-05-25 10:53:22', 3, 11, 8),
	(178, 1, '2021-05-25 10:53:22', 3, 1, 8),
	(179, 0, '2021-05-25 10:53:22', 3, 4, 9),
	(180, 1, '2021-05-25 10:53:22', 3, 8, 9),
	(181, 0, '2021-05-25 10:53:22', 3, 5, 10),
	(182, 1, '2021-05-25 10:53:22', 3, 12, 10),
	(183, 0, '2021-05-25 10:53:22', 3, 3, 11),
	(184, 1, '2021-05-25 10:53:22', 3, 8, 11),
	(185, 0, '2021-05-25 10:53:22', 3, 2, 12),
	(186, 1, '2021-05-25 10:53:22', 3, 6, 12),
	(187, 0, '2021-05-25 10:53:22', 3, 9, 13),
	(188, 1, '2021-05-25 10:53:22', 3, 6, 13),
	(189, 0, '2021-05-25 10:53:22', 3, 11, 14),
	(190, 1, '2021-05-25 10:53:22', 3, 6, 14),
	(191, 0, '2021-05-25 10:53:22', 3, 2, 15),
	(192, 1, '2021-05-25 10:53:22', 3, 9, 15),
	(193, 0, '2021-05-25 10:53:22', 3, 2, 16),
	(194, 1, '2021-05-25 10:53:22', 3, 6, 16),
	(195, 0, '2021-05-25 10:53:22', 3, 4, 17),
	(196, 1, '2021-05-25 10:53:22', 3, 12, 17),
	(197, 0, '2021-05-25 10:53:22', 3, 3, 18),
	(198, 1, '2021-05-25 10:53:22', 3, 9, 18),
	(199, 0, '2021-05-25 10:53:22', 3, 4, 19),
	(200, 1, '2021-05-25 10:53:22', 3, 1, 19),
	(201, 0, '2021-05-25 10:53:22', 4, 10, 1),
	(202, 1, '2021-05-25 10:53:22', 4, 9, 1),
	(203, 0, '2021-05-25 10:53:22', 4, 5, 2),
	(204, 1, '2021-05-25 10:53:22', 4, 3, 2),
	(205, 0, '2021-05-25 10:53:22', 4, 1, 3),
	(206, 1, '2021-05-25 10:53:22', 4, 12, 3),
	(207, 0, '2021-05-25 10:53:22', 4, 5, 4),
	(208, 1, '2021-05-25 10:53:22', 4, 8, 4),
	(209, 0, '2021-05-25 10:53:22', 4, 7, 5),
	(210, 1, '2021-05-25 10:53:22', 4, 3, 5),
	(211, 0, '2021-05-25 10:53:22', 4, 10, 6),
	(212, 1, '2021-05-25 10:53:22', 4, 7, 6),
	(213, 0, '2021-05-25 10:53:22', 4, 6, 7),
	(214, 1, '2021-05-25 10:53:22', 4, 1, 7),
	(215, 0, '2021-05-25 10:53:22', 4, 11, 8),
	(216, 1, '2021-05-25 10:53:22', 4, 4, 8),
	(217, 0, '2021-05-25 10:53:22', 4, 10, 9),
	(218, 1, '2021-05-25 10:53:22', 4, 2, 9),
	(219, 0, '2021-05-25 10:53:22', 4, 10, 10),
	(220, 1, '2021-05-25 10:53:22', 4, 9, 10),
	(221, 0, '2021-05-25 10:53:22', 4, 1, 11),
	(222, 1, '2021-05-25 10:53:22', 4, 12, 11),
	(223, 0, '2021-05-25 10:53:22', 4, 4, 12),
	(224, 1, '2021-05-25 10:53:22', 4, 11, 12),
	(225, 0, '2021-05-25 10:53:22', 4, 6, 13),
	(226, 1, '2021-05-25 10:53:22', 4, 12, 13),
	(227, 0, '2021-05-25 10:53:22', 4, 11, 14),
	(228, 1, '2021-05-25 10:53:22', 4, 5, 14),
	(229, 0, '2021-05-25 10:53:22', 4, 12, 15),
	(230, 1, '2021-05-25 10:53:22', 4, 6, 15),
	(231, 0, '2021-05-25 10:53:22', 4, 9, 16),
	(232, 1, '2021-05-25 10:53:22', 4, 6, 16),
	(233, 0, '2021-05-25 10:53:22', 4, 2, 17),
	(234, 1, '2021-05-25 10:53:22', 4, 9, 17),
	(235, 0, '2021-05-25 10:53:22', 4, 12, 18),
	(236, 1, '2021-05-25 10:53:22', 4, 10, 18),
	(237, 0, '2021-05-25 10:53:22', 4, 5, 19),
	(238, 1, '2021-05-25 10:53:22', 4, 9, 19),
	(239, 0, '2021-05-25 10:53:22', 5, 11, 1),
	(240, 1, '2021-05-25 10:53:22', 5, 8, 1),
	(241, 0, '2021-05-25 10:53:22', 5, 9, 2),
	(242, 1, '2021-05-25 10:53:22', 5, 5, 2),
	(243, 0, '2021-05-25 10:53:22', 5, 9, 3),
	(244, 1, '2021-05-25 10:53:22', 5, 1, 3),
	(245, 0, '2021-05-25 10:53:22', 5, 7, 4),
	(246, 1, '2021-05-25 10:53:22', 5, 1, 4),
	(247, 0, '2021-05-25 10:53:22', 5, 8, 5),
	(248, 1, '2021-05-25 10:53:22', 5, 9, 5),
	(249, 0, '2021-05-25 10:53:22', 5, 4, 6),
	(250, 1, '2021-05-25 10:53:22', 5, 9, 6),
	(251, 0, '2021-05-25 10:53:22', 5, 5, 7),
	(252, 1, '2021-05-25 10:53:22', 5, 2, 7),
	(253, 0, '2021-05-25 10:53:22', 5, 3, 8),
	(254, 1, '2021-05-25 10:53:22', 5, 9, 8),
	(255, 0, '2021-05-25 10:53:22', 5, 2, 9),
	(256, 1, '2021-05-25 10:53:22', 5, 5, 9),
	(257, 0, '2021-05-25 10:53:22', 5, 5, 10),
	(258, 1, '2021-05-25 10:53:22', 5, 6, 10),
	(259, 0, '2021-05-25 10:53:22', 5, 7, 11),
	(260, 1, '2021-05-25 10:53:22', 5, 5, 11),
	(261, 0, '2021-05-25 10:53:22', 5, 6, 12),
	(262, 1, '2021-05-25 10:53:22', 5, 1, 12),
	(263, 0, '2021-05-25 10:53:22', 5, 9, 13),
	(264, 1, '2021-05-25 10:53:22', 5, 10, 13),
	(265, 0, '2021-05-25 10:53:22', 5, 10, 14),
	(266, 1, '2021-05-25 10:53:22', 5, 4, 14),
	(267, 0, '2021-05-25 10:53:22', 5, 6, 15),
	(268, 1, '2021-05-25 10:53:22', 5, 4, 15),
	(269, 0, '2021-05-25 10:53:22', 5, 8, 16),
	(270, 1, '2021-05-25 10:53:22', 5, 3, 16),
	(271, 0, '2021-05-25 10:53:22', 5, 12, 17),
	(272, 1, '2021-05-25 10:53:22', 5, 11, 17),
	(273, 0, '2021-05-25 10:53:22', 5, 7, 18),
	(274, 1, '2021-05-25 10:53:22', 5, 11, 18),
	(275, 0, '2021-05-25 10:53:22', 5, 12, 19),
	(276, 1, '2021-05-25 10:53:22', 5, 8, 19),
	(277, 0, '2021-05-25 10:53:22', 6, 7, 1),
	(278, 1, '2021-05-25 10:53:22', 6, 3, 1),
	(279, 0, '2021-05-25 10:53:22', 6, 11, 2),
	(280, 1, '2021-05-25 10:53:22', 6, 2, 2),
	(281, 0, '2021-05-25 10:53:22', 6, 6, 3),
	(282, 1, '2021-05-25 10:53:22', 6, 1, 3),
	(283, 0, '2021-05-25 10:53:22', 6, 5, 4),
	(284, 1, '2021-05-25 10:53:22', 6, 4, 4),
	(285, 0, '2021-05-25 10:53:22', 6, 3, 5),
	(286, 1, '2021-05-25 10:53:22', 6, 11, 5),
	(287, 0, '2021-05-25 10:53:22', 6, 7, 6),
	(288, 1, '2021-05-25 10:53:22', 6, 11, 6),
	(289, 0, '2021-05-25 10:53:22', 6, 11, 7),
	(290, 1, '2021-05-25 10:53:22', 6, 12, 7),
	(291, 0, '2021-05-25 10:53:22', 6, 11, 8),
	(292, 1, '2021-05-25 10:53:22', 6, 10, 8),
	(293, 0, '2021-05-25 10:53:22', 6, 9, 9),
	(294, 1, '2021-05-25 10:53:22', 6, 10, 9),
	(295, 0, '2021-05-25 10:53:22', 6, 8, 10),
	(296, 1, '2021-05-25 10:53:22', 6, 2, 10),
	(297, 0, '2021-05-25 10:53:22', 6, 3, 11),
	(298, 1, '2021-05-25 10:53:22', 6, 11, 11),
	(299, 0, '2021-05-25 10:53:22', 6, 12, 12),
	(300, 1, '2021-05-25 10:53:22', 6, 9, 12),
	(301, 0, '2021-05-25 10:53:22', 6, 11, 13),
	(302, 1, '2021-05-25 10:53:22', 6, 7, 13),
	(303, 0, '2021-05-25 10:53:22', 6, 6, 14),
	(304, 1, '2021-05-25 10:53:23', 6, 12, 14),
	(305, 0, '2021-05-25 10:53:23', 6, 12, 15),
	(306, 1, '2021-05-25 10:53:23', 6, 11, 15),
	(307, 0, '2021-05-25 10:53:23', 6, 2, 16),
	(308, 1, '2021-05-25 10:53:23', 6, 2, 16),
	(309, 0, '2021-05-25 10:53:23', 6, 9, 17),
	(310, 1, '2021-05-25 10:53:23', 6, 4, 17),
	(311, 0, '2021-05-25 10:53:23', 6, 4, 18),
	(312, 1, '2021-05-25 10:53:23', 6, 8, 18),
	(313, 0, '2021-05-25 10:53:23', 6, 11, 19),
	(314, 1, '2021-05-25 10:53:23', 6, 8, 19),
	(315, 0, '2021-05-25 10:53:23', 7, 5, 1),
	(316, 1, '2021-05-25 10:53:23', 7, 5, 1),
	(317, 0, '2021-05-25 10:53:23', 7, 11, 2),
	(318, 1, '2021-05-25 10:53:23', 7, 7, 2),
	(319, 0, '2021-05-25 10:53:23', 7, 7, 3),
	(320, 1, '2021-05-25 10:53:23', 7, 5, 3),
	(321, 0, '2021-05-25 10:53:23', 7, 4, 4),
	(322, 1, '2021-05-25 10:53:23', 7, 6, 4),
	(323, 0, '2021-05-25 10:53:23', 7, 8, 5),
	(324, 1, '2021-05-25 10:53:23', 7, 9, 5),
	(325, 0, '2021-05-25 10:53:23', 7, 7, 6),
	(326, 1, '2021-05-25 10:53:23', 7, 10, 6),
	(327, 0, '2021-05-25 10:53:23', 7, 5, 7),
	(328, 1, '2021-05-25 10:53:23', 7, 2, 7),
	(329, 0, '2021-05-25 10:53:23', 7, 3, 8),
	(330, 1, '2021-05-25 10:53:23', 7, 10, 8),
	(331, 0, '2021-05-25 10:53:23', 7, 9, 9),
	(332, 1, '2021-05-25 10:53:23', 7, 4, 9),
	(333, 0, '2021-05-25 10:53:23', 7, 12, 10),
	(334, 1, '2021-05-25 10:53:23', 7, 4, 10),
	(335, 0, '2021-05-25 10:53:23', 7, 8, 11),
	(336, 1, '2021-05-25 10:53:23', 7, 9, 11),
	(337, 0, '2021-05-25 10:53:23', 7, 8, 12),
	(338, 1, '2021-05-25 10:53:23', 7, 2, 12),
	(339, 0, '2021-05-25 10:53:23', 7, 7, 13),
	(340, 1, '2021-05-25 10:53:23', 7, 1, 13),
	(341, 0, '2021-05-25 10:53:23', 7, 8, 14),
	(342, 1, '2021-05-25 10:53:23', 7, 5, 14),
	(343, 0, '2021-05-25 10:53:23', 7, 5, 15),
	(344, 1, '2021-05-25 10:53:23', 7, 6, 15),
	(345, 0, '2021-05-25 10:53:23', 7, 7, 16),
	(346, 1, '2021-05-25 10:53:23', 7, 7, 16),
	(347, 0, '2021-05-25 10:53:23', 7, 8, 17),
	(348, 1, '2021-05-25 10:53:23', 7, 7, 17),
	(349, 0, '2021-05-25 10:53:23', 7, 9, 18),
	(350, 1, '2021-05-25 10:53:23', 7, 1, 18),
	(351, 0, '2021-05-25 10:53:23', 7, 7, 19),
	(352, 1, '2021-05-25 10:53:23', 7, 3, 19),
	(353, 0, '2021-05-25 10:53:23', 16, 3, 1),
	(354, 1, '2021-05-25 10:53:23', 16, 12, 1),
	(355, 0, '2021-05-25 10:53:23', 16, 7, 2),
	(356, 0, '2021-05-25 10:53:23', 16, 2, 3),
	(357, 1, '2021-05-25 10:53:23', 16, 4, 3),
	(358, 0, '2021-05-25 10:53:23', 16, 3, 4),
	(359, 1, '2021-05-25 10:53:23', 16, 5, 4),
	(360, 0, '2021-05-25 10:53:23', 16, 1, 5),
	(361, 1, '2021-05-25 10:53:23', 16, 11, 5),
	(362, 0, '2021-05-25 10:53:23', 16, 10, 6),
	(363, 1, '2021-05-25 10:53:23', 16, 11, 6),
	(364, 0, '2021-05-25 10:53:23', 16, 12, 7),
	(365, 1, '2021-05-25 10:53:23', 16, 11, 7),
	(366, 0, '2021-05-25 10:53:23', 16, 9, 8),
	(367, 1, '2021-05-25 10:53:23', 16, 9, 8),
	(368, 0, '2021-05-25 10:53:23', 16, 3, 9),
	(369, 1, '2021-05-25 10:53:23', 16, 4, 9),
	(370, 0, '2021-05-25 10:53:23', 16, 6, 10),
	(371, 1, '2021-05-25 10:53:23', 16, 4, 10),
	(372, 0, '2021-05-25 10:53:23', 16, 11, 11),
	(373, 1, '2021-05-25 10:53:23', 16, 5, 11),
	(374, 0, '2021-05-25 10:53:23', 16, 2, 12),
	(375, 1, '2021-05-25 10:53:23', 16, 9, 12),
	(376, 0, '2021-05-25 10:53:23', 16, 2, 13),
	(377, 1, '2021-05-25 10:53:23', 16, 8, 13),
	(378, 0, '2021-05-25 10:53:23', 16, 3, 14),
	(379, 1, '2021-05-25 10:53:23', 16, 6, 14),
	(380, 0, '2021-05-25 10:53:23', 16, 10, 15),
	(381, 1, '2021-05-25 10:53:23', 16, 5, 15),
	(382, 0, '2021-05-25 10:53:23', 16, 4, 16),
	(383, 1, '2021-05-25 10:53:23', 16, 3, 16),
	(384, 0, '2021-05-25 10:53:23', 16, 4, 17),
	(385, 1, '2021-05-25 10:53:23', 16, 3, 17),
	(386, 0, '2021-05-25 10:53:23', 16, 7, 18),
	(387, 1, '2021-05-25 10:53:23', 16, 12, 18),
	(388, 0, '2021-05-25 10:53:23', 16, 4, 19),
	(389, 1, '2021-05-25 10:53:23', 16, 3, 19),
	(390, 0, '2021-05-25 10:53:23', 17, 10, 1),
	(391, 1, '2021-05-25 10:53:23', 17, 8, 1),
	(392, 0, '2021-05-25 10:53:23', 17, 12, 2),
	(393, 1, '2021-05-25 10:53:23', 17, 10, 2),
	(394, 0, '2021-05-25 10:53:23', 17, 1, 3),
	(395, 1, '2021-05-25 10:53:23', 17, 10, 3),
	(396, 0, '2021-05-25 10:53:23', 17, 5, 4),
	(397, 1, '2021-05-25 10:53:23', 17, 9, 4),
	(398, 0, '2021-05-25 10:53:23', 17, 11, 5),
	(399, 1, '2021-05-25 10:53:23', 17, 10, 5),
	(400, 0, '2021-05-25 10:53:23', 17, 11, 6),
	(401, 1, '2021-05-25 10:53:23', 17, 3, 6),
	(402, 0, '2021-05-25 10:53:23', 17, 5, 7),
	(403, 1, '2021-05-25 10:53:23', 17, 9, 7),
	(404, 0, '2021-05-25 10:53:23', 17, 9, 8),
	(405, 1, '2021-05-25 10:53:23', 17, 8, 8),
	(406, 0, '2021-05-25 10:53:23', 17, 10, 9),
	(407, 1, '2021-05-25 10:53:23', 17, 9, 9),
	(408, 0, '2021-05-25 10:53:23', 17, 12, 10),
	(409, 1, '2021-05-25 10:53:23', 17, 9, 10),
	(410, 0, '2021-05-25 10:53:23', 17, 1, 11),
	(411, 1, '2021-05-25 10:53:23', 17, 6, 11),
	(412, 0, '2021-05-25 10:53:23', 17, 10, 12),
	(413, 1, '2021-05-25 10:53:23', 17, 10, 12),
	(414, 0, '2021-05-25 10:53:23', 17, 4, 13),
	(415, 1, '2021-05-25 10:53:23', 17, 1, 13),
	(416, 0, '2021-05-25 10:53:23', 17, 12, 14),
	(417, 1, '2021-05-25 10:53:23', 17, 8, 14),
	(418, 0, '2021-05-25 10:53:23', 17, 6, 15),
	(419, 1, '2021-05-25 10:53:23', 17, 1, 15),
	(420, 0, '2021-05-25 10:53:23', 17, 3, 16),
	(421, 1, '2021-05-25 10:53:23', 17, 11, 16),
	(422, 0, '2021-05-25 10:53:23', 17, 12, 17),
	(423, 1, '2021-05-25 10:53:23', 17, 6, 17),
	(424, 0, '2021-05-25 10:53:23', 17, 12, 18),
	(425, 1, '2021-05-25 10:53:23', 17, 8, 18),
	(426, 0, '2021-05-25 10:53:23', 17, 3, 19),
	(427, 1, '2021-05-25 10:53:23', 17, 11, 19),
	(428, 0, '2021-05-25 10:53:23', 18, 4, 1),
	(429, 1, '2021-05-25 10:53:23', 18, 3, 1),
	(430, 0, '2021-05-25 10:53:23', 18, 12, 2),
	(431, 1, '2021-05-25 10:53:23', 18, 2, 2),
	(432, 0, '2021-05-25 10:53:23', 18, 6, 3),
	(433, 1, '2021-05-25 10:53:23', 18, 7, 3),
	(434, 0, '2021-05-25 10:53:23', 18, 6, 4),
	(435, 1, '2021-05-25 10:53:23', 18, 10, 4),
	(436, 0, '2021-05-25 10:53:23', 18, 7, 5),
	(437, 1, '2021-05-25 10:53:23', 18, 6, 5),
	(438, 1, '2021-05-25 10:53:23', 18, 1, 6),
	(439, 0, '2021-05-25 10:53:23', 18, 8, 7),
	(440, 1, '2021-05-25 10:53:23', 18, 6, 7),
	(441, 0, '2021-05-25 10:53:23', 18, 2, 8),
	(442, 1, '2021-05-25 10:53:23', 18, 10, 8),
	(443, 0, '2021-05-25 10:53:23', 18, 3, 9),
	(444, 1, '2021-05-25 10:53:23', 18, 5, 9),
	(445, 0, '2021-05-25 10:53:23', 18, 3, 10),
	(446, 1, '2021-05-25 10:53:23', 18, 6, 10),
	(447, 0, '2021-05-25 10:53:23', 18, 2, 11),
	(448, 1, '2021-05-25 10:53:23', 18, 4, 11),
	(449, 0, '2021-05-25 10:53:23', 18, 9, 12),
	(450, 1, '2021-05-25 10:53:23', 18, 5, 12),
	(451, 0, '2021-05-25 10:53:23', 18, 12, 13),
	(452, 1, '2021-05-25 10:53:23', 18, 3, 13),
	(453, 0, '2021-05-25 10:53:23', 18, 3, 14),
	(454, 1, '2021-05-25 10:53:23', 18, 9, 14),
	(455, 0, '2021-05-25 10:53:23', 18, 6, 15),
	(456, 1, '2021-05-25 10:53:23', 18, 3, 15),
	(457, 0, '2021-05-25 10:53:23', 18, 12, 16),
	(458, 1, '2021-05-25 10:53:23', 18, 8, 16),
	(459, 0, '2021-05-25 10:53:23', 18, 8, 17),
	(460, 1, '2021-05-25 10:53:23', 18, 12, 17),
	(461, 0, '2021-05-25 10:53:23', 18, 5, 18),
	(462, 1, '2021-05-25 10:53:23', 18, 10, 18),
	(463, 0, '2021-05-25 10:53:23', 18, 5, 19),
	(464, 1, '2021-05-25 10:53:23', 18, 10, 19),
	(465, 0, '2021-05-25 10:53:23', 19, 5, 1),
	(466, 1, '2021-05-25 10:53:23', 19, 3, 1),
	(467, 0, '2021-05-25 10:53:23', 19, 12, 2),
	(468, 1, '2021-05-25 10:53:23', 19, 5, 2),
	(469, 0, '2021-05-25 10:53:23', 19, 12, 3),
	(470, 1, '2021-05-25 10:53:23', 19, 12, 3),
	(471, 0, '2021-05-25 10:53:23', 19, 3, 4),
	(472, 1, '2021-05-25 10:53:23', 19, 10, 4),
	(473, 0, '2021-05-25 10:53:23', 19, 5, 5),
	(474, 1, '2021-05-25 10:53:23', 19, 6, 5),
	(475, 0, '2021-05-25 10:53:23', 19, 1, 6),
	(476, 1, '2021-05-25 10:53:23', 19, 5, 6),
	(477, 0, '2021-05-25 10:53:23', 19, 10, 7),
	(478, 1, '2021-05-25 10:53:23', 19, 1, 7),
	(479, 0, '2021-05-25 10:53:23', 19, 4, 8),
	(480, 1, '2021-05-25 10:53:23', 19, 6, 8),
	(481, 0, '2021-05-25 10:53:23', 19, 2, 9),
	(482, 1, '2021-05-25 10:53:23', 19, 5, 9),
	(483, 0, '2021-05-25 10:53:23', 19, 12, 10),
	(484, 1, '2021-05-25 10:53:23', 19, 1, 10),
	(485, 0, '2021-05-25 10:53:23', 19, 9, 11),
	(486, 1, '2021-05-25 10:53:23', 19, 3, 11),
	(487, 0, '2021-05-25 10:53:23', 19, 4, 12),
	(488, 1, '2021-05-25 10:53:23', 19, 4, 12),
	(489, 0, '2021-05-25 10:53:23', 19, 11, 13),
	(490, 1, '2021-05-25 10:53:23', 19, 12, 13),
	(491, 0, '2021-05-25 10:53:23', 19, 6, 14),
	(492, 1, '2021-05-25 10:53:23', 19, 12, 14),
	(493, 0, '2021-05-25 10:53:23', 19, 1, 15),
	(494, 1, '2021-05-25 10:53:23', 19, 9, 15),
	(495, 0, '2021-05-25 10:53:23', 19, 6, 16),
	(496, 1, '2021-05-25 10:53:23', 19, 2, 16),
	(497, 0, '2021-05-25 10:53:23', 19, 3, 17),
	(498, 1, '2021-05-25 10:53:23', 19, 9, 17),
	(499, 0, '2021-05-25 10:53:23', 19, 2, 18),
	(500, 1, '2021-05-25 10:53:23', 19, 4, 18),
	(501, 0, '2021-05-25 10:53:23', 19, 7, 19),
	(502, 1, '2021-05-25 10:53:23', 19, 5, 19),
	(503, 0, '2021-05-25 10:53:23', 20, 3, 1),
	(504, 1, '2021-05-25 10:53:23', 20, 5, 1),
	(505, 0, '2021-05-25 10:53:23', 20, 4, 2),
	(506, 1, '2021-05-25 10:53:23', 20, 11, 2),
	(507, 0, '2021-05-25 10:53:23', 20, 1, 3),
	(508, 1, '2021-05-25 10:53:23', 20, 2, 3),
	(509, 0, '2021-05-25 10:53:23', 20, 3, 4),
	(510, 1, '2021-05-25 10:53:23', 20, 4, 4),
	(511, 0, '2021-05-25 10:53:23', 20, 12, 5),
	(512, 1, '2021-05-25 10:53:23', 20, 9, 5),
	(513, 0, '2021-05-25 10:53:23', 20, 12, 6),
	(514, 1, '2021-05-25 10:53:23', 20, 1, 6),
	(515, 0, '2021-05-25 10:53:23', 20, 12, 7),
	(516, 1, '2021-05-25 10:53:23', 20, 1, 7),
	(517, 0, '2021-05-25 10:53:23', 20, 7, 8),
	(518, 1, '2021-05-25 10:53:23', 20, 9, 8),
	(519, 0, '2021-05-25 10:53:23', 20, 5, 9),
	(520, 0, '2021-05-25 10:53:23', 20, 10, 10),
	(521, 1, '2021-05-25 10:53:23', 20, 4, 10),
	(522, 0, '2021-05-25 10:53:23', 20, 11, 11),
	(523, 1, '2021-05-25 10:53:23', 20, 7, 11),
	(524, 0, '2021-05-25 10:53:23', 20, 12, 12),
	(525, 1, '2021-05-25 10:53:23', 20, 6, 12),
	(526, 0, '2021-05-25 10:53:23', 20, 6, 13),
	(527, 1, '2021-05-25 10:53:23', 20, 5, 13),
	(528, 0, '2021-05-25 10:53:23', 20, 12, 14),
	(529, 1, '2021-05-25 10:53:23', 20, 6, 14),
	(530, 0, '2021-05-25 10:53:23', 20, 8, 15),
	(531, 1, '2021-05-25 10:53:23', 20, 2, 15),
	(532, 0, '2021-05-25 10:53:23', 20, 8, 16),
	(533, 1, '2021-05-25 10:53:23', 20, 1, 16),
	(534, 0, '2021-05-25 10:53:23', 20, 12, 17),
	(535, 1, '2021-05-25 10:53:23', 20, 8, 17),
	(536, 0, '2021-05-25 10:53:23', 20, 11, 18),
	(537, 1, '2021-05-25 10:53:23', 20, 6, 18),
	(538, 0, '2021-05-25 10:53:23', 20, 11, 19),
	(539, 1, '2021-05-25 10:53:23', 20, 4, 19),
	(540, 0, '2021-05-25 10:53:23', 21, 5, 1),
	(541, 1, '2021-05-25 10:53:23', 21, 3, 1),
	(542, 0, '2021-05-25 10:53:23', 21, 8, 2),
	(543, 1, '2021-05-25 10:53:23', 21, 7, 2),
	(544, 0, '2021-05-25 10:53:23', 21, 1, 3),
	(545, 1, '2021-05-25 10:53:23', 21, 4, 3),
	(546, 0, '2021-05-25 10:53:23', 21, 9, 4),
	(547, 1, '2021-05-25 10:53:23', 21, 1, 4),
	(548, 0, '2021-05-25 10:53:23', 21, 9, 5),
	(549, 1, '2021-05-25 10:53:23', 21, 5, 5),
	(550, 0, '2021-05-25 10:53:23', 21, 9, 6),
	(551, 1, '2021-05-25 10:53:23', 21, 3, 6),
	(552, 0, '2021-05-25 10:53:23', 21, 12, 7),
	(553, 1, '2021-05-25 10:53:23', 21, 8, 7),
	(554, 0, '2021-05-25 10:53:23', 21, 3, 8),
	(555, 1, '2021-05-25 10:53:23', 21, 3, 8),
	(556, 0, '2021-05-25 10:53:23', 21, 5, 9),
	(557, 1, '2021-05-25 10:53:23', 21, 2, 9),
	(558, 0, '2021-05-25 10:53:23', 21, 12, 10),
	(559, 1, '2021-05-25 10:53:23', 21, 2, 10),
	(560, 0, '2021-05-25 10:53:23', 21, 12, 11),
	(561, 1, '2021-05-25 10:53:23', 21, 11, 11),
	(562, 0, '2021-05-25 10:53:23', 21, 11, 12),
	(563, 1, '2021-05-25 10:53:23', 21, 9, 12),
	(564, 0, '2021-05-25 10:53:23', 21, 3, 13),
	(565, 1, '2021-05-25 10:53:23', 21, 7, 13),
	(566, 0, '2021-05-25 10:53:23', 21, 4, 14),
	(567, 1, '2021-05-25 10:53:23', 21, 1, 14),
	(568, 0, '2021-05-25 10:53:23', 21, 8, 15),
	(569, 1, '2021-05-25 10:53:23', 21, 9, 15),
	(570, 0, '2021-05-25 10:53:23', 21, 2, 16),
	(571, 1, '2021-05-25 10:53:23', 21, 2, 16),
	(572, 0, '2021-05-25 10:53:23', 21, 10, 17),
	(573, 1, '2021-05-25 10:53:23', 21, 11, 17),
	(574, 0, '2021-05-25 10:53:23', 21, 6, 18),
	(575, 1, '2021-05-25 10:53:23', 21, 2, 18),
	(576, 0, '2021-05-25 10:53:23', 21, 7, 19),
	(577, 1, '2021-05-25 10:53:23', 21, 7, 19),
	(578, 0, '2021-05-25 10:53:23', 22, 3, 1),
	(579, 1, '2021-05-25 10:53:23', 22, 4, 1),
	(580, 0, '2021-05-25 10:53:23', 22, 8, 2),
	(581, 1, '2021-05-25 10:53:23', 22, 12, 2),
	(582, 0, '2021-05-25 10:53:23', 22, 3, 3),
	(583, 1, '2021-05-25 10:53:23', 22, 7, 3),
	(584, 0, '2021-05-25 10:53:23', 22, 12, 4),
	(585, 1, '2021-05-25 10:53:23', 22, 7, 4),
	(586, 0, '2021-05-25 10:53:23', 22, 11, 5),
	(587, 1, '2021-05-25 10:53:23', 22, 6, 5),
	(588, 0, '2021-05-25 10:53:23', 22, 7, 6),
	(589, 1, '2021-05-25 10:53:23', 22, 8, 6),
	(590, 0, '2021-05-25 10:53:23', 22, 9, 7),
	(591, 1, '2021-05-25 10:53:23', 22, 5, 7),
	(592, 0, '2021-05-25 10:53:23', 22, 1, 8),
	(593, 1, '2021-05-25 10:53:23', 22, 9, 8),
	(594, 0, '2021-05-25 10:53:23', 22, 4, 9),
	(595, 1, '2021-05-25 10:53:23', 22, 4, 9),
	(596, 0, '2021-05-25 10:53:23', 22, 3, 10),
	(597, 1, '2021-05-25 10:53:23', 22, 2, 10),
	(598, 0, '2021-05-25 10:53:23', 22, 11, 11),
	(599, 1, '2021-05-25 10:53:23', 22, 9, 11),
	(600, 0, '2021-05-25 10:53:23', 22, 2, 12),
	(601, 1, '2021-05-25 10:53:23', 22, 9, 12),
	(602, 0, '2021-05-25 10:53:23', 22, 1, 13),
	(603, 1, '2021-05-25 10:53:23', 22, 6, 13),
	(604, 0, '2021-05-25 10:53:23', 22, 5, 14),
	(605, 1, '2021-05-25 10:53:23', 22, 3, 14),
	(606, 0, '2021-05-25 10:53:23', 22, 10, 15),
	(607, 1, '2021-05-25 10:53:23', 22, 9, 15),
	(608, 0, '2021-05-25 10:53:23', 22, 8, 16),
	(609, 1, '2021-05-25 10:53:23', 22, 4, 16),
	(610, 0, '2021-05-25 10:53:23', 22, 11, 17),
	(611, 1, '2021-05-25 10:53:23', 22, 12, 17),
	(612, 0, '2021-05-25 10:53:23', 22, 4, 18),
	(613, 1, '2021-05-25 10:53:23', 22, 12, 18),
	(614, 0, '2021-05-25 10:53:23', 22, 5, 19),
	(615, 1, '2021-05-25 10:53:23', 22, 1, 19),
	(616, 0, '2021-05-25 10:53:23', 31, 7, 1),
	(617, 1, '2021-05-25 10:53:23', 31, 8, 1),
	(618, 0, '2021-05-25 10:53:23', 31, 10, 2),
	(619, 1, '2021-05-25 10:53:23', 31, 1, 2),
	(620, 0, '2021-05-25 10:53:23', 31, 1, 3),
	(621, 1, '2021-05-25 10:53:23', 31, 9, 3),
	(622, 0, '2021-05-25 10:53:23', 31, 9, 4),
	(623, 1, '2021-05-25 10:53:23', 31, 9, 4),
	(624, 0, '2021-05-25 10:53:23', 31, 3, 5),
	(625, 1, '2021-05-25 10:53:23', 31, 2, 5),
	(626, 0, '2021-05-25 10:53:23', 31, 3, 6),
	(627, 1, '2021-05-25 10:53:23', 31, 7, 6),
	(628, 0, '2021-05-25 10:53:23', 31, 4, 7),
	(629, 1, '2021-05-25 10:53:23', 31, 7, 7),
	(630, 0, '2021-05-25 10:53:23', 31, 8, 8),
	(631, 1, '2021-05-25 10:53:23', 31, 4, 8),
	(632, 0, '2021-05-25 10:53:23', 31, 12, 9),
	(633, 1, '2021-05-25 10:53:23', 31, 12, 9),
	(634, 0, '2021-05-25 10:53:23', 31, 4, 10),
	(635, 1, '2021-05-25 10:53:23', 31, 4, 10),
	(636, 0, '2021-05-25 10:53:23', 31, 9, 11),
	(637, 1, '2021-05-25 10:53:23', 31, 1, 11),
	(638, 0, '2021-05-25 10:53:23', 31, 2, 12),
	(639, 1, '2021-05-25 10:53:23', 31, 3, 12),
	(640, 0, '2021-05-25 10:53:23', 31, 4, 13),
	(641, 1, '2021-05-25 10:53:23', 31, 3, 13),
	(642, 0, '2021-05-25 10:53:23', 31, 11, 14),
	(643, 1, '2021-05-25 10:53:23', 31, 3, 14),
	(644, 0, '2021-05-25 10:53:23', 31, 4, 15),
	(645, 1, '2021-05-25 10:53:23', 31, 4, 15),
	(646, 0, '2021-05-25 10:53:23', 31, 4, 16),
	(647, 1, '2021-05-25 10:53:23', 31, 12, 16),
	(648, 0, '2021-05-25 10:53:23', 31, 5, 17),
	(649, 1, '2021-05-25 10:53:23', 31, 11, 17),
	(650, 0, '2021-05-25 10:53:23', 31, 11, 18),
	(651, 1, '2021-05-25 10:53:23', 31, 7, 18),
	(652, 0, '2021-05-25 10:53:23', 31, 7, 19),
	(653, 1, '2021-05-25 10:53:23', 31, 5, 19),
	(654, 0, '2021-05-25 10:53:23', 32, 3, 1),
	(655, 1, '2021-05-25 10:53:23', 32, 1, 1),
	(656, 0, '2021-05-25 10:53:23', 32, 12, 2),
	(657, 1, '2021-05-25 10:53:23', 32, 7, 2),
	(658, 0, '2021-05-25 10:53:23', 32, 11, 3),
	(659, 1, '2021-05-25 10:53:23', 32, 9, 3),
	(660, 0, '2021-05-25 10:53:23', 32, 11, 4),
	(661, 1, '2021-05-25 10:53:23', 32, 6, 4),
	(662, 0, '2021-05-25 10:53:23', 32, 10, 5),
	(663, 1, '2021-05-25 10:53:23', 32, 3, 5),
	(664, 0, '2021-05-25 10:53:23', 32, 10, 6),
	(665, 1, '2021-05-25 10:53:23', 32, 5, 6),
	(666, 0, '2021-05-25 10:53:23', 32, 9, 7),
	(667, 1, '2021-05-25 10:53:23', 32, 9, 7),
	(668, 0, '2021-05-25 10:53:23', 32, 4, 8),
	(669, 1, '2021-05-25 10:53:23', 32, 5, 8),
	(670, 0, '2021-05-25 10:53:23', 32, 9, 9),
	(671, 1, '2021-05-25 10:53:23', 32, 1, 9),
	(672, 0, '2021-05-25 10:53:23', 32, 12, 10),
	(673, 1, '2021-05-25 10:53:23', 32, 8, 10),
	(674, 0, '2021-05-25 10:53:23', 32, 11, 11),
	(675, 1, '2021-05-25 10:53:23', 32, 10, 11),
	(676, 0, '2021-05-25 10:53:23', 32, 6, 12),
	(677, 1, '2021-05-25 10:53:23', 32, 10, 12),
	(678, 0, '2021-05-25 10:53:23', 32, 2, 13),
	(679, 1, '2021-05-25 10:53:23', 32, 7, 13),
	(680, 0, '2021-05-25 10:53:23', 32, 4, 14),
	(681, 1, '2021-05-25 10:53:23', 32, 4, 14),
	(682, 0, '2021-05-25 10:53:23', 32, 8, 15),
	(683, 1, '2021-05-25 10:53:23', 32, 2, 15),
	(684, 0, '2021-05-25 10:53:23', 32, 11, 16),
	(685, 1, '2021-05-25 10:53:23', 32, 10, 16),
	(686, 0, '2021-05-25 10:53:23', 32, 9, 17),
	(687, 1, '2021-05-25 10:53:23', 32, 9, 17),
	(688, 0, '2021-05-25 10:53:23', 32, 4, 18),
	(689, 1, '2021-05-25 10:53:23', 32, 7, 18),
	(690, 0, '2021-05-25 10:53:23', 32, 10, 19),
	(691, 1, '2021-05-25 10:53:23', 32, 6, 19),
	(692, 1, '2021-05-25 10:53:23', 33, 12, 1),
	(693, 0, '2021-05-25 10:53:23', 33, 1, 2),
	(694, 1, '2021-05-25 10:53:23', 33, 5, 2),
	(695, 0, '2021-05-25 10:53:23', 33, 4, 3),
	(696, 1, '2021-05-25 10:53:23', 33, 1, 3),
	(697, 0, '2021-05-25 10:53:23', 33, 1, 4),
	(698, 1, '2021-05-25 10:53:23', 33, 2, 4),
	(699, 0, '2021-05-25 10:53:23', 33, 6, 5),
	(700, 1, '2021-05-25 10:53:23', 33, 5, 5),
	(701, 0, '2021-05-25 10:53:23', 33, 5, 6),
	(702, 1, '2021-05-25 10:53:23', 33, 11, 6),
	(703, 0, '2021-05-25 10:53:23', 33, 9, 7),
	(704, 1, '2021-05-25 10:53:23', 33, 4, 7),
	(705, 0, '2021-05-25 10:53:23', 33, 2, 8),
	(706, 1, '2021-05-25 10:53:23', 33, 11, 8),
	(707, 0, '2021-05-25 10:53:23', 33, 10, 9),
	(708, 1, '2021-05-25 10:53:23', 33, 3, 9),
	(709, 0, '2021-05-25 10:53:23', 33, 11, 10),
	(710, 1, '2021-05-25 10:53:23', 33, 6, 10),
	(711, 0, '2021-05-25 10:53:23', 33, 5, 11),
	(712, 1, '2021-05-25 10:53:23', 33, 2, 11),
	(713, 0, '2021-05-25 10:53:23', 33, 10, 12),
	(714, 1, '2021-05-25 10:53:23', 33, 1, 12),
	(715, 0, '2021-05-25 10:53:23', 33, 1, 13),
	(716, 1, '2021-05-25 10:53:23', 33, 9, 13),
	(717, 0, '2021-05-25 10:53:23', 33, 9, 14),
	(718, 1, '2021-05-25 10:53:23', 33, 8, 14),
	(719, 0, '2021-05-25 10:53:23', 33, 8, 15),
	(720, 1, '2021-05-25 10:53:23', 33, 1, 15),
	(721, 0, '2021-05-25 10:53:23', 33, 4, 16),
	(722, 1, '2021-05-25 10:53:23', 33, 4, 16),
	(723, 0, '2021-05-25 10:53:23', 33, 9, 17),
	(724, 1, '2021-05-25 10:53:23', 33, 5, 17),
	(725, 0, '2021-05-25 10:53:23', 33, 11, 18),
	(726, 1, '2021-05-25 10:53:23', 33, 8, 18),
	(727, 0, '2021-05-25 10:53:23', 33, 12, 19),
	(728, 1, '2021-05-25 10:53:23', 33, 12, 19),
	(729, 0, '2021-05-25 10:53:23', 34, 12, 1),
	(730, 1, '2021-05-25 10:53:23', 34, 1, 1),
	(731, 0, '2021-05-25 10:53:23', 34, 9, 2),
	(732, 1, '2021-05-25 10:53:23', 34, 8, 2),
	(733, 0, '2021-05-25 10:53:23', 34, 4, 3),
	(734, 1, '2021-05-25 10:53:23', 34, 6, 3),
	(735, 0, '2021-05-25 10:53:23', 34, 4, 4),
	(736, 1, '2021-05-25 10:53:23', 34, 9, 4),
	(737, 0, '2021-05-25 10:53:23', 34, 9, 5),
	(738, 1, '2021-05-25 10:53:23', 34, 12, 5),
	(739, 0, '2021-05-25 10:53:23', 34, 6, 6),
	(740, 1, '2021-05-25 10:53:23', 34, 10, 6),
	(741, 0, '2021-05-25 10:53:23', 34, 9, 7),
	(742, 1, '2021-05-25 10:53:23', 34, 6, 7),
	(743, 0, '2021-05-25 10:53:23', 34, 1, 8),
	(744, 1, '2021-05-25 10:53:23', 34, 1, 8),
	(745, 0, '2021-05-25 10:53:23', 34, 8, 9),
	(746, 1, '2021-05-25 10:53:23', 34, 4, 9),
	(747, 0, '2021-05-25 10:53:23', 34, 11, 10),
	(748, 1, '2021-05-25 10:53:23', 34, 9, 10),
	(749, 0, '2021-05-25 10:53:23', 34, 11, 11),
	(750, 1, '2021-05-25 10:53:23', 34, 11, 11),
	(751, 0, '2021-05-25 10:53:23', 34, 6, 12),
	(752, 1, '2021-05-25 10:53:23', 34, 5, 12),
	(753, 0, '2021-05-25 10:53:23', 34, 12, 13),
	(754, 1, '2021-05-25 10:53:23', 34, 7, 13),
	(755, 0, '2021-05-25 10:53:23', 34, 12, 14),
	(756, 1, '2021-05-25 10:53:23', 34, 12, 14),
	(757, 0, '2021-05-25 10:53:23', 34, 9, 15),
	(758, 1, '2021-05-25 10:53:23', 34, 6, 15),
	(759, 0, '2021-05-25 10:53:23', 34, 8, 16),
	(760, 1, '2021-05-25 10:53:23', 34, 7, 16),
	(761, 0, '2021-05-25 10:53:23', 34, 2, 17),
	(762, 1, '2021-05-25 10:53:23', 34, 7, 17),
	(763, 0, '2021-05-25 10:53:23', 34, 9, 18),
	(764, 1, '2021-05-25 10:53:23', 34, 5, 18),
	(765, 0, '2021-05-25 10:53:23', 34, 5, 19),
	(766, 1, '2021-05-25 10:53:23', 34, 9, 19),
	(767, 0, '2021-05-25 10:53:23', 35, 8, 1),
	(768, 1, '2021-05-25 10:53:23', 35, 5, 1),
	(769, 0, '2021-05-25 10:53:23', 35, 10, 2),
	(770, 1, '2021-05-25 10:53:23', 35, 7, 2),
	(771, 0, '2021-05-25 10:53:23', 35, 3, 3),
	(772, 1, '2021-05-25 10:53:23', 35, 4, 3),
	(773, 0, '2021-05-25 10:53:23', 35, 7, 4),
	(774, 1, '2021-05-25 10:53:23', 35, 1, 4),
	(775, 0, '2021-05-25 10:53:23', 35, 1, 5),
	(776, 1, '2021-05-25 10:53:23', 35, 1, 5),
	(777, 0, '2021-05-25 10:53:23', 35, 5, 6),
	(778, 1, '2021-05-25 10:53:23', 35, 11, 6),
	(779, 0, '2021-05-25 10:53:23', 35, 3, 7),
	(780, 1, '2021-05-25 10:53:23', 35, 12, 7),
	(781, 0, '2021-05-25 10:53:23', 35, 9, 8),
	(782, 1, '2021-05-25 10:53:23', 35, 7, 8),
	(783, 0, '2021-05-25 10:53:23', 35, 11, 9),
	(784, 1, '2021-05-25 10:53:23', 35, 7, 9),
	(785, 0, '2021-05-25 10:53:23', 35, 2, 10),
	(786, 1, '2021-05-25 10:53:23', 35, 6, 10),
	(787, 0, '2021-05-25 10:53:23', 35, 12, 11),
	(788, 1, '2021-05-25 10:53:23', 35, 8, 11),
	(789, 0, '2021-05-25 10:53:23', 35, 8, 12),
	(790, 1, '2021-05-25 10:53:23', 35, 2, 12),
	(791, 0, '2021-05-25 10:53:23', 35, 12, 13),
	(792, 1, '2021-05-25 10:53:23', 35, 8, 13),
	(793, 0, '2021-05-25 10:53:23', 35, 2, 14),
	(794, 1, '2021-05-25 10:53:23', 35, 4, 14),
	(795, 0, '2021-05-25 10:53:23', 35, 3, 15),
	(796, 1, '2021-05-25 10:53:23', 35, 6, 15),
	(797, 0, '2021-05-25 10:53:23', 35, 8, 16),
	(798, 1, '2021-05-25 10:53:23', 35, 3, 16),
	(799, 0, '2021-05-25 10:53:23', 35, 10, 17),
	(800, 1, '2021-05-25 10:53:23', 35, 1, 17),
	(801, 0, '2021-05-25 10:53:23', 35, 11, 18),
	(802, 1, '2021-05-25 10:53:23', 35, 8, 18),
	(803, 0, '2021-05-25 10:53:23', 35, 4, 19),
	(804, 1, '2021-05-25 10:53:23', 35, 12, 19),
	(805, 0, '2021-05-25 10:53:23', 36, 9, 1),
	(806, 1, '2021-05-25 10:53:23', 36, 11, 1),
	(807, 0, '2021-05-25 10:53:23', 36, 2, 2),
	(808, 1, '2021-05-25 10:53:23', 36, 8, 2),
	(809, 0, '2021-05-25 10:53:23', 36, 6, 3),
	(810, 1, '2021-05-25 10:53:23', 36, 8, 3),
	(811, 0, '2021-05-25 10:53:23', 36, 11, 4),
	(812, 1, '2021-05-25 10:53:23', 36, 4, 4),
	(813, 0, '2021-05-25 10:53:23', 36, 1, 5),
	(814, 1, '2021-05-25 10:53:23', 36, 7, 5),
	(815, 0, '2021-05-25 10:53:23', 36, 9, 6),
	(816, 1, '2021-05-25 10:53:23', 36, 2, 6),
	(817, 0, '2021-05-25 10:53:23', 36, 8, 7),
	(818, 1, '2021-05-25 10:53:23', 36, 5, 7),
	(819, 0, '2021-05-25 10:53:23', 36, 6, 8),
	(820, 1, '2021-05-25 10:53:23', 36, 1, 8),
	(821, 0, '2021-05-25 10:53:23', 36, 6, 9),
	(822, 1, '2021-05-25 10:53:23', 36, 12, 9),
	(823, 0, '2021-05-25 10:53:23', 36, 9, 10),
	(824, 1, '2021-05-25 10:53:23', 36, 4, 10),
	(825, 0, '2021-05-25 10:53:23', 36, 1, 11),
	(826, 1, '2021-05-25 10:53:23', 36, 3, 11),
	(827, 0, '2021-05-25 10:53:23', 36, 1, 12),
	(828, 1, '2021-05-25 10:53:23', 36, 6, 12),
	(829, 0, '2021-05-25 10:53:23', 36, 3, 13),
	(830, 1, '2021-05-25 10:53:23', 36, 3, 13),
	(831, 0, '2021-05-25 10:53:23', 36, 11, 14),
	(832, 1, '2021-05-25 10:53:23', 36, 5, 14),
	(833, 0, '2021-05-25 10:53:23', 36, 8, 15),
	(834, 1, '2021-05-25 10:53:23', 36, 2, 15),
	(835, 0, '2021-05-25 10:53:23', 36, 9, 16),
	(836, 1, '2021-05-25 10:53:23', 36, 4, 16),
	(837, 0, '2021-05-25 10:53:23', 36, 2, 17),
	(838, 1, '2021-05-25 10:53:23', 36, 1, 17),
	(839, 0, '2021-05-25 10:53:23', 36, 4, 18),
	(840, 1, '2021-05-25 10:53:23', 36, 3, 18),
	(841, 0, '2021-05-25 10:53:23', 36, 10, 19),
	(842, 1, '2021-05-25 10:53:23', 36, 10, 19),
	(843, 0, '2021-05-25 10:53:23', 37, 6, 1),
	(844, 1, '2021-05-25 10:53:23', 37, 7, 1),
	(845, 0, '2021-05-25 10:53:23', 37, 1, 2),
	(846, 1, '2021-05-25 10:53:23', 37, 11, 2),
	(847, 0, '2021-05-25 10:53:23', 37, 6, 3),
	(848, 1, '2021-05-25 10:53:23', 37, 11, 3),
	(849, 0, '2021-05-25 10:53:23', 37, 1, 4),
	(850, 1, '2021-05-25 10:53:23', 37, 7, 4),
	(851, 0, '2021-05-25 10:53:23', 37, 4, 5),
	(852, 1, '2021-05-25 10:53:23', 37, 8, 5),
	(853, 0, '2021-05-25 10:53:23', 37, 2, 6),
	(854, 1, '2021-05-25 10:53:23', 37, 8, 6),
	(855, 0, '2021-05-25 10:53:23', 37, 4, 7),
	(856, 1, '2021-05-25 10:53:23', 37, 9, 7),
	(857, 0, '2021-05-25 10:53:23', 37, 2, 8),
	(858, 1, '2021-05-25 10:53:23', 37, 6, 8),
	(859, 0, '2021-05-25 10:53:23', 37, 7, 9),
	(860, 1, '2021-05-25 10:53:23', 37, 5, 9),
	(861, 0, '2021-05-25 10:53:23', 37, 7, 10),
	(862, 1, '2021-05-25 10:53:23', 37, 8, 10),
	(863, 0, '2021-05-25 10:53:23', 37, 3, 11),
	(864, 1, '2021-05-25 10:53:23', 37, 8, 11),
	(865, 0, '2021-05-25 10:53:23', 37, 2, 12),
	(866, 1, '2021-05-25 10:53:23', 37, 7, 12),
	(867, 0, '2021-05-25 10:53:23', 37, 6, 13),
	(868, 1, '2021-05-25 10:53:23', 37, 11, 13),
	(869, 0, '2021-05-25 10:53:23', 37, 4, 14),
	(870, 1, '2021-05-25 10:53:23', 37, 5, 14),
	(871, 0, '2021-05-25 10:53:23', 37, 5, 15),
	(872, 1, '2021-05-25 10:53:23', 37, 1, 15),
	(873, 0, '2021-05-25 10:53:23', 37, 12, 16),
	(874, 1, '2021-05-25 10:53:23', 37, 5, 16),
	(875, 0, '2021-05-25 10:53:23', 37, 1, 17),
	(876, 1, '2021-05-25 10:53:23', 37, 7, 17),
	(877, 0, '2021-05-25 10:53:23', 37, 7, 18),
	(878, 1, '2021-05-25 10:53:23', 37, 5, 18),
	(879, 0, '2021-05-25 10:53:23', 37, 6, 19),
	(880, 1, '2021-05-25 10:53:23', 37, 1, 19),
	(881, 0, '2021-05-25 10:53:23', 46, 5, 1),
	(882, 1, '2021-05-25 10:53:23', 46, 6, 1),
	(883, 0, '2021-05-25 10:53:23', 46, 2, 2),
	(884, 1, '2021-05-25 10:53:23', 46, 5, 2),
	(885, 0, '2021-05-25 10:53:23', 46, 10, 3),
	(886, 1, '2021-05-25 10:53:23', 46, 10, 3),
	(887, 0, '2021-05-25 10:53:23', 46, 7, 4),
	(888, 1, '2021-05-25 10:53:23', 46, 1, 4),
	(889, 1, '2021-05-25 10:53:23', 46, 9, 5),
	(890, 0, '2021-05-25 10:53:23', 46, 5, 6),
	(891, 1, '2021-05-25 10:53:23', 46, 5, 6),
	(892, 0, '2021-05-25 10:53:23', 46, 3, 7),
	(893, 0, '2021-05-25 10:53:23', 46, 8, 8),
	(894, 1, '2021-05-25 10:53:23', 46, 1, 8),
	(895, 0, '2021-05-25 10:53:23', 46, 1, 9),
	(896, 1, '2021-05-25 10:53:23', 46, 11, 9),
	(897, 0, '2021-05-25 10:53:23', 46, 11, 10),
	(898, 1, '2021-05-25 10:53:23', 46, 3, 10),
	(899, 0, '2021-05-25 10:53:23', 46, 1, 11),
	(900, 1, '2021-05-25 10:53:23', 46, 7, 11),
	(901, 0, '2021-05-25 10:53:23', 46, 5, 12),
	(902, 1, '2021-05-25 10:53:23', 46, 5, 12),
	(903, 0, '2021-05-25 10:53:23', 46, 10, 13),
	(904, 1, '2021-05-25 10:53:23', 46, 3, 13),
	(905, 0, '2021-05-25 10:53:23', 46, 3, 14),
	(906, 1, '2021-05-25 10:53:23', 46, 2, 14),
	(907, 0, '2021-05-25 10:53:23', 46, 1, 15),
	(908, 1, '2021-05-25 10:53:23', 46, 10, 15),
	(909, 0, '2021-05-25 10:53:23', 46, 12, 16),
	(910, 1, '2021-05-25 10:53:23', 46, 9, 16),
	(911, 0, '2021-05-25 10:53:23', 46, 3, 17),
	(912, 1, '2021-05-25 10:53:23', 46, 4, 17),
	(913, 0, '2021-05-25 10:53:23', 46, 1, 18),
	(914, 1, '2021-05-25 10:53:23', 46, 12, 18),
	(915, 0, '2021-05-25 10:53:23', 46, 3, 19),
	(916, 1, '2021-05-25 10:53:23', 46, 12, 19),
	(917, 0, '2021-05-25 10:53:23', 47, 9, 1),
	(918, 1, '2021-05-25 10:53:23', 47, 4, 1),
	(919, 0, '2021-05-25 10:53:23', 47, 12, 2),
	(920, 1, '2021-05-25 10:53:23', 47, 6, 2),
	(921, 0, '2021-05-25 10:53:23', 47, 4, 3),
	(922, 1, '2021-05-25 10:53:23', 47, 6, 3),
	(923, 0, '2021-05-25 10:53:23', 47, 5, 4),
	(924, 1, '2021-05-25 10:53:23', 47, 11, 4),
	(925, 0, '2021-05-25 10:53:23', 47, 3, 5),
	(926, 1, '2021-05-25 10:53:23', 47, 1, 5),
	(927, 0, '2021-05-25 10:53:23', 47, 8, 6),
	(928, 1, '2021-05-25 10:53:23', 47, 12, 6),
	(929, 0, '2021-05-25 10:53:23', 47, 10, 7),
	(930, 1, '2021-05-25 10:53:23', 47, 11, 7),
	(931, 0, '2021-05-25 10:53:23', 47, 5, 8),
	(932, 1, '2021-05-25 10:53:23', 47, 7, 8),
	(933, 0, '2021-05-25 10:53:23', 47, 5, 9),
	(934, 1, '2021-05-25 10:53:23', 47, 6, 9),
	(935, 0, '2021-05-25 10:53:23', 47, 8, 10),
	(936, 1, '2021-05-25 10:53:23', 47, 8, 10),
	(937, 0, '2021-05-25 10:53:23', 47, 9, 11),
	(938, 1, '2021-05-25 10:53:23', 47, 12, 11),
	(939, 0, '2021-05-25 10:53:23', 47, 7, 12),
	(940, 1, '2021-05-25 10:53:23', 47, 10, 12),
	(941, 0, '2021-05-25 10:53:23', 47, 6, 13),
	(942, 1, '2021-05-25 10:53:23', 47, 10, 13),
	(943, 0, '2021-05-25 10:53:23', 47, 10, 14),
	(944, 1, '2021-05-25 10:53:23', 47, 11, 14),
	(945, 0, '2021-05-25 10:53:23', 47, 10, 15),
	(946, 1, '2021-05-25 10:53:23', 47, 5, 15),
	(947, 0, '2021-05-25 10:53:23', 47, 7, 16),
	(948, 1, '2021-05-25 10:53:23', 47, 11, 16),
	(949, 0, '2021-05-25 10:53:23', 47, 4, 17),
	(950, 1, '2021-05-25 10:53:23', 47, 12, 17),
	(951, 0, '2021-05-25 10:53:23', 47, 9, 18),
	(952, 1, '2021-05-25 10:53:23', 47, 12, 18),
	(953, 0, '2021-05-25 10:53:23', 47, 12, 19),
	(954, 1, '2021-05-25 10:53:23', 47, 3, 19),
	(955, 0, '2021-05-25 10:53:23', 48, 1, 1),
	(956, 1, '2021-05-25 10:53:23', 48, 5, 1),
	(957, 0, '2021-05-25 10:53:23', 48, 6, 2),
	(958, 1, '2021-05-25 10:53:23', 48, 3, 2),
	(959, 0, '2021-05-25 10:53:23', 48, 5, 3),
	(960, 1, '2021-05-25 10:53:23', 48, 7, 3),
	(961, 0, '2021-05-25 10:53:23', 48, 7, 4),
	(962, 1, '2021-05-25 10:53:23', 48, 12, 4),
	(963, 0, '2021-05-25 10:53:23', 48, 6, 5),
	(964, 1, '2021-05-25 10:53:23', 48, 7, 5),
	(965, 0, '2021-05-25 10:53:23', 48, 12, 6),
	(966, 1, '2021-05-25 10:53:23', 48, 6, 6),
	(967, 0, '2021-05-25 10:53:23', 48, 12, 7),
	(968, 1, '2021-05-25 10:53:23', 48, 5, 7),
	(969, 0, '2021-05-25 10:53:23', 48, 8, 8),
	(970, 1, '2021-05-25 10:53:23', 48, 5, 8),
	(971, 0, '2021-05-25 10:53:23', 48, 1, 9),
	(972, 1, '2021-05-25 10:53:23', 48, 12, 9),
	(973, 0, '2021-05-25 10:53:23', 48, 5, 10),
	(974, 1, '2021-05-25 10:53:23', 48, 2, 10),
	(975, 0, '2021-05-25 10:53:23', 48, 12, 11),
	(976, 1, '2021-05-25 10:53:23', 48, 4, 11),
	(977, 0, '2021-05-25 10:53:23', 48, 12, 12),
	(978, 1, '2021-05-25 10:53:23', 48, 1, 12),
	(979, 0, '2021-05-25 10:53:23', 48, 10, 13),
	(980, 1, '2021-05-25 10:53:23', 48, 3, 13),
	(981, 0, '2021-05-25 10:53:23', 48, 11, 14),
	(982, 1, '2021-05-25 10:53:23', 48, 11, 14),
	(983, 0, '2021-05-25 10:53:23', 48, 5, 15),
	(984, 1, '2021-05-25 10:53:23', 48, 12, 15),
	(985, 0, '2021-05-25 10:53:23', 48, 11, 16),
	(986, 1, '2021-05-25 10:53:23', 48, 6, 16),
	(987, 0, '2021-05-25 10:53:23', 48, 12, 17),
	(988, 1, '2021-05-25 10:53:23', 48, 7, 17),
	(989, 0, '2021-05-25 10:53:23', 48, 9, 18),
	(990, 1, '2021-05-25 10:53:23', 48, 12, 18),
	(991, 0, '2021-05-25 10:53:23', 48, 5, 19),
	(992, 1, '2021-05-25 10:53:23', 48, 9, 19),
	(993, 0, '2021-05-25 10:53:23', 49, 6, 1),
	(994, 1, '2021-05-25 10:53:23', 49, 8, 1),
	(995, 0, '2021-05-25 10:53:23', 49, 9, 2),
	(996, 1, '2021-05-25 10:53:23', 49, 9, 2),
	(997, 0, '2021-05-25 10:53:23', 49, 4, 3),
	(998, 1, '2021-05-25 10:53:23', 49, 8, 3),
	(999, 0, '2021-05-25 10:53:23', 49, 5, 4),
	(1000, 1, '2021-05-25 10:53:23', 49, 7, 4),
	(1001, 0, '2021-05-25 10:53:23', 49, 1, 5),
	(1002, 0, '2021-05-25 10:53:23', 49, 2, 6),
	(1003, 1, '2021-05-25 10:53:23', 49, 4, 6),
	(1004, 0, '2021-05-25 10:53:23', 49, 10, 7),
	(1005, 1, '2021-05-25 10:53:23', 49, 11, 7),
	(1006, 0, '2021-05-25 10:53:23', 49, 11, 8),
	(1007, 1, '2021-05-25 10:53:23', 49, 4, 8),
	(1008, 0, '2021-05-25 10:53:23', 49, 1, 9),
	(1009, 1, '2021-05-25 10:53:23', 49, 11, 9),
	(1010, 0, '2021-05-25 10:53:23', 49, 9, 10),
	(1011, 1, '2021-05-25 10:53:23', 49, 3, 10),
	(1012, 0, '2021-05-25 10:53:23', 49, 11, 11),
	(1013, 1, '2021-05-25 10:53:23', 49, 4, 11),
	(1014, 0, '2021-05-25 10:53:23', 49, 1, 12),
	(1015, 1, '2021-05-25 10:53:23', 49, 4, 12),
	(1016, 0, '2021-05-25 10:53:23', 49, 4, 13),
	(1017, 1, '2021-05-25 10:53:23', 49, 11, 13),
	(1018, 0, '2021-05-25 10:53:23', 49, 2, 14),
	(1019, 1, '2021-05-25 10:53:23', 49, 10, 14),
	(1020, 0, '2021-05-25 10:53:23', 49, 9, 15),
	(1021, 1, '2021-05-25 10:53:23', 49, 2, 15),
	(1022, 0, '2021-05-25 10:53:23', 49, 7, 16),
	(1023, 1, '2021-05-25 10:53:23', 49, 8, 16),
	(1024, 0, '2021-05-25 10:53:23', 49, 12, 17),
	(1025, 1, '2021-05-25 10:53:23', 49, 2, 17),
	(1026, 0, '2021-05-25 10:53:23', 49, 6, 18),
	(1027, 1, '2021-05-25 10:53:23', 49, 12, 18),
	(1028, 0, '2021-05-25 10:53:23', 49, 7, 19),
	(1029, 1, '2021-05-25 10:53:23', 49, 9, 19),
	(1030, 0, '2021-05-25 10:53:23', 50, 11, 1),
	(1031, 1, '2021-05-25 10:53:23', 50, 1, 1),
	(1032, 0, '2021-05-25 10:53:23', 50, 7, 2),
	(1033, 1, '2021-05-25 10:53:23', 50, 9, 2),
	(1034, 0, '2021-05-25 10:53:23', 50, 3, 3),
	(1035, 1, '2021-05-25 10:53:23', 50, 10, 3),
	(1036, 0, '2021-05-25 10:53:23', 50, 1, 4),
	(1037, 1, '2021-05-25 10:53:23', 50, 9, 4),
	(1038, 0, '2021-05-25 10:53:23', 50, 12, 5),
	(1039, 1, '2021-05-25 10:53:23', 50, 3, 5),
	(1040, 0, '2021-05-25 10:53:23', 50, 12, 6),
	(1041, 1, '2021-05-25 10:53:23', 50, 4, 6),
	(1042, 0, '2021-05-25 10:53:23', 50, 12, 7),
	(1043, 1, '2021-05-25 10:53:23', 50, 4, 7),
	(1044, 0, '2021-05-25 10:53:23', 50, 9, 8),
	(1045, 1, '2021-05-25 10:53:23', 50, 10, 8),
	(1046, 0, '2021-05-25 10:53:23', 50, 7, 9),
	(1047, 1, '2021-05-25 10:53:23', 50, 8, 9),
	(1048, 0, '2021-05-25 10:53:23', 50, 3, 10),
	(1049, 1, '2021-05-25 10:53:23', 50, 4, 10),
	(1050, 0, '2021-05-25 10:53:23', 50, 5, 11),
	(1051, 1, '2021-05-25 10:53:23', 50, 10, 11),
	(1052, 0, '2021-05-25 10:53:23', 50, 7, 12),
	(1053, 1, '2021-05-25 10:53:23', 50, 2, 12),
	(1054, 0, '2021-05-25 10:53:23', 50, 5, 13),
	(1055, 1, '2021-05-25 10:53:23', 50, 7, 13),
	(1056, 0, '2021-05-25 10:53:23', 50, 3, 14),
	(1057, 1, '2021-05-25 10:53:23', 50, 6, 14),
	(1058, 0, '2021-05-25 10:53:23', 50, 3, 15),
	(1059, 1, '2021-05-25 10:53:23', 50, 2, 15),
	(1060, 0, '2021-05-25 10:53:23', 50, 2, 16),
	(1061, 1, '2021-05-25 10:53:23', 50, 5, 16),
	(1062, 0, '2021-05-25 10:53:23', 50, 7, 17),
	(1063, 1, '2021-05-25 10:53:23', 50, 3, 17),
	(1064, 0, '2021-05-25 10:53:23', 50, 5, 18),
	(1065, 1, '2021-05-25 10:53:23', 50, 5, 18),
	(1066, 0, '2021-05-25 10:53:24', 50, 10, 19),
	(1067, 1, '2021-05-25 10:53:24', 50, 2, 19),
	(1068, 0, '2021-05-25 10:53:24', 51, 5, 1),
	(1069, 1, '2021-05-25 10:53:24', 51, 12, 1),
	(1070, 0, '2021-05-25 10:53:24', 51, 10, 2),
	(1071, 1, '2021-05-25 10:53:24', 51, 12, 2),
	(1072, 0, '2021-05-25 10:53:24', 51, 5, 3),
	(1073, 1, '2021-05-25 10:53:24', 51, 3, 3),
	(1074, 0, '2021-05-25 10:53:24', 51, 3, 4),
	(1075, 1, '2021-05-25 10:53:24', 51, 3, 4),
	(1076, 0, '2021-05-25 10:53:24', 51, 11, 5),
	(1077, 1, '2021-05-25 10:53:24', 51, 5, 5),
	(1078, 0, '2021-05-25 10:53:24', 51, 9, 6),
	(1079, 1, '2021-05-25 10:53:24', 51, 10, 6),
	(1080, 0, '2021-05-25 10:53:24', 51, 1, 7),
	(1081, 1, '2021-05-25 10:53:24', 51, 11, 7),
	(1082, 0, '2021-05-25 10:53:24', 51, 4, 8),
	(1083, 1, '2021-05-25 10:53:24', 51, 3, 8),
	(1084, 0, '2021-05-25 10:53:24', 51, 2, 9),
	(1085, 1, '2021-05-25 10:53:24', 51, 11, 9),
	(1086, 0, '2021-05-25 10:53:24', 51, 5, 10),
	(1087, 1, '2021-05-25 10:53:24', 51, 9, 10),
	(1088, 0, '2021-05-25 10:53:24', 51, 12, 11),
	(1089, 1, '2021-05-25 10:53:24', 51, 3, 11),
	(1090, 0, '2021-05-25 10:53:24', 51, 4, 12),
	(1091, 1, '2021-05-25 10:53:24', 51, 3, 12),
	(1092, 0, '2021-05-25 10:53:24', 51, 12, 13),
	(1093, 1, '2021-05-25 10:53:24', 51, 3, 13),
	(1094, 0, '2021-05-25 10:53:24', 51, 10, 14),
	(1095, 1, '2021-05-25 10:53:24', 51, 9, 14),
	(1096, 0, '2021-05-25 10:53:24', 51, 12, 15),
	(1097, 1, '2021-05-25 10:53:24', 51, 10, 15),
	(1098, 0, '2021-05-25 10:53:24', 51, 1, 16),
	(1099, 1, '2021-05-25 10:53:24', 51, 4, 16),
	(1100, 0, '2021-05-25 10:53:24', 51, 8, 17),
	(1101, 1, '2021-05-25 10:53:24', 51, 10, 17),
	(1102, 0, '2021-05-25 10:53:24', 51, 10, 18),
	(1103, 1, '2021-05-25 10:53:24', 51, 12, 18),
	(1104, 0, '2021-05-25 10:53:24', 51, 3, 19),
	(1105, 1, '2021-05-25 10:53:24', 51, 6, 19),
	(1106, 0, '2021-05-25 10:53:24', 52, 11, 1),
	(1107, 1, '2021-05-25 10:53:24', 52, 1, 1),
	(1108, 0, '2021-05-25 10:53:24', 52, 1, 2),
	(1109, 1, '2021-05-25 10:53:24', 52, 3, 2),
	(1110, 0, '2021-05-25 10:53:24', 52, 3, 3),
	(1111, 1, '2021-05-25 10:53:24', 52, 6, 3),
	(1112, 0, '2021-05-25 10:53:24', 52, 5, 4),
	(1113, 1, '2021-05-25 10:53:24', 52, 6, 4),
	(1114, 0, '2021-05-25 10:53:24', 52, 12, 5),
	(1115, 1, '2021-05-25 10:53:24', 52, 3, 5),
	(1116, 0, '2021-05-25 10:53:24', 52, 5, 6),
	(1117, 1, '2021-05-25 10:53:24', 52, 6, 6),
	(1118, 0, '2021-05-25 10:53:24', 52, 5, 7),
	(1119, 1, '2021-05-25 10:53:24', 52, 5, 7),
	(1120, 0, '2021-05-25 10:53:24', 52, 2, 8),
	(1121, 1, '2021-05-25 10:53:24', 52, 1, 8),
	(1122, 0, '2021-05-25 10:53:24', 52, 5, 9),
	(1123, 1, '2021-05-25 10:53:24', 52, 10, 9),
	(1124, 0, '2021-05-25 10:53:24', 52, 5, 10),
	(1125, 1, '2021-05-25 10:53:24', 52, 1, 10),
	(1126, 0, '2021-05-25 10:53:24', 52, 7, 11),
	(1127, 1, '2021-05-25 10:53:24', 52, 7, 11),
	(1128, 0, '2021-05-25 10:53:24', 52, 1, 12),
	(1129, 1, '2021-05-25 10:53:24', 52, 8, 12),
	(1130, 0, '2021-05-25 10:53:24', 52, 8, 13),
	(1131, 1, '2021-05-25 10:53:24', 52, 3, 13),
	(1132, 0, '2021-05-25 10:53:24', 52, 7, 14),
	(1133, 1, '2021-05-25 10:53:24', 52, 12, 14),
	(1134, 0, '2021-05-25 10:53:24', 52, 4, 15),
	(1135, 1, '2021-05-25 10:53:24', 52, 1, 15),
	(1136, 0, '2021-05-25 10:53:24', 52, 8, 16),
	(1137, 1, '2021-05-25 10:53:24', 52, 12, 16),
	(1138, 0, '2021-05-25 10:53:24', 52, 6, 17),
	(1139, 1, '2021-05-25 10:53:24', 52, 3, 17),
	(1140, 0, '2021-05-25 10:53:24', 52, 7, 18),
	(1141, 1, '2021-05-25 10:53:24', 52, 11, 18),
	(1142, 0, '2021-05-25 10:53:24', 52, 1, 19),
	(1143, 1, '2021-05-25 10:53:24', 52, 12, 19),
	(1144, 0, '2021-05-25 10:53:24', 61, 11, 1),
	(1145, 1, '2021-05-25 10:53:24', 61, 12, 1),
	(1146, 0, '2021-05-25 10:53:24', 61, 3, 2),
	(1147, 1, '2021-05-25 10:53:24', 61, 8, 2),
	(1148, 0, '2021-05-25 10:53:24', 61, 4, 3),
	(1149, 1, '2021-05-25 10:53:24', 61, 11, 3),
	(1150, 0, '2021-05-25 10:53:24', 61, 6, 4),
	(1151, 1, '2021-05-25 10:53:24', 61, 9, 4),
	(1152, 0, '2021-05-25 10:53:24', 61, 9, 5),
	(1153, 1, '2021-05-25 10:53:24', 61, 10, 5),
	(1154, 0, '2021-05-25 10:53:24', 61, 4, 6),
	(1155, 1, '2021-05-25 10:53:24', 61, 2, 6),
	(1156, 0, '2021-05-25 10:53:24', 61, 7, 7),
	(1157, 1, '2021-05-25 10:53:24', 61, 12, 7),
	(1158, 0, '2021-05-25 10:53:24', 61, 9, 8),
	(1159, 1, '2021-05-25 10:53:24', 61, 10, 8),
	(1160, 0, '2021-05-25 10:53:24', 61, 5, 9),
	(1161, 1, '2021-05-25 10:53:24', 61, 8, 9),
	(1162, 0, '2021-05-25 10:53:24', 61, 10, 10),
	(1163, 1, '2021-05-25 10:53:24', 61, 12, 10),
	(1164, 0, '2021-05-25 10:53:24', 61, 5, 11),
	(1165, 1, '2021-05-25 10:53:24', 61, 9, 11),
	(1166, 0, '2021-05-25 10:53:24', 61, 12, 12),
	(1167, 1, '2021-05-25 10:53:24', 61, 12, 12),
	(1168, 0, '2021-05-25 10:53:24', 61, 2, 13),
	(1169, 1, '2021-05-25 10:53:24', 61, 5, 13),
	(1170, 0, '2021-05-25 10:53:24', 61, 12, 14),
	(1171, 1, '2021-05-25 10:53:24', 61, 10, 14),
	(1172, 0, '2021-05-25 10:53:24', 61, 6, 15),
	(1173, 1, '2021-05-25 10:53:24', 61, 5, 15),
	(1174, 0, '2021-05-25 10:53:24', 61, 10, 16),
	(1175, 1, '2021-05-25 10:53:24', 61, 8, 16),
	(1176, 0, '2021-05-25 10:53:24', 61, 5, 17),
	(1177, 1, '2021-05-25 10:53:24', 61, 3, 17),
	(1178, 0, '2021-05-25 10:53:24', 61, 6, 18),
	(1179, 1, '2021-05-25 10:53:24', 61, 10, 18),
	(1180, 0, '2021-05-25 10:53:24', 61, 6, 19),
	(1181, 1, '2021-05-25 10:53:24', 61, 5, 19),
	(1182, 0, '2021-05-25 10:53:24', 62, 10, 1),
	(1183, 1, '2021-05-25 10:53:24', 62, 10, 1),
	(1184, 0, '2021-05-25 10:53:24', 62, 1, 2),
	(1185, 1, '2021-05-25 10:53:24', 62, 6, 2),
	(1186, 0, '2021-05-25 10:53:24', 62, 6, 3),
	(1187, 1, '2021-05-25 10:53:24', 62, 11, 3),
	(1188, 0, '2021-05-25 10:53:24', 62, 12, 4),
	(1189, 1, '2021-05-25 10:53:24', 62, 12, 4),
	(1190, 0, '2021-05-25 10:53:24', 62, 10, 5),
	(1191, 1, '2021-05-25 10:53:24', 62, 7, 5),
	(1192, 0, '2021-05-25 10:53:24', 62, 3, 6),
	(1193, 1, '2021-05-25 10:53:24', 62, 7, 6),
	(1194, 0, '2021-05-25 10:53:24', 62, 7, 7),
	(1195, 1, '2021-05-25 10:53:24', 62, 10, 7),
	(1196, 0, '2021-05-25 10:53:24', 62, 4, 8),
	(1197, 1, '2021-05-25 10:53:24', 62, 2, 8),
	(1198, 0, '2021-05-25 10:53:24', 62, 11, 9),
	(1199, 1, '2021-05-25 10:53:24', 62, 6, 9),
	(1200, 0, '2021-05-25 10:53:24', 62, 4, 10),
	(1201, 1, '2021-05-25 10:53:24', 62, 6, 10),
	(1202, 0, '2021-05-25 10:53:24', 62, 9, 11),
	(1203, 1, '2021-05-25 10:53:24', 62, 9, 11),
	(1204, 0, '2021-05-25 10:53:24', 62, 2, 12),
	(1205, 1, '2021-05-25 10:53:24', 62, 4, 12),
	(1206, 0, '2021-05-25 10:53:24', 62, 5, 13),
	(1207, 1, '2021-05-25 10:53:24', 62, 4, 13),
	(1208, 0, '2021-05-25 10:53:24', 62, 11, 14),
	(1209, 1, '2021-05-25 10:53:24', 62, 1, 14),
	(1210, 0, '2021-05-25 10:53:24', 62, 6, 15),
	(1211, 1, '2021-05-25 10:53:24', 62, 1, 15),
	(1212, 0, '2021-05-25 10:53:24', 62, 9, 16),
	(1213, 1, '2021-05-25 10:53:24', 62, 1, 16),
	(1214, 0, '2021-05-25 10:53:24', 62, 8, 17),
	(1215, 1, '2021-05-25 10:53:24', 62, 11, 17),
	(1216, 0, '2021-05-25 10:53:24', 62, 7, 18),
	(1217, 1, '2021-05-25 10:53:24', 62, 7, 18),
	(1218, 0, '2021-05-25 10:53:24', 62, 10, 19),
	(1219, 1, '2021-05-25 10:53:24', 62, 1, 19),
	(1220, 0, '2021-05-25 10:53:24', 63, 10, 1),
	(1221, 1, '2021-05-25 10:53:24', 63, 5, 1),
	(1222, 0, '2021-05-25 10:53:24', 63, 2, 2),
	(1223, 1, '2021-05-25 10:53:24', 63, 4, 2),
	(1224, 0, '2021-05-25 10:53:24', 63, 3, 3),
	(1225, 1, '2021-05-25 10:53:24', 63, 9, 3),
	(1226, 0, '2021-05-25 10:53:24', 63, 7, 4),
	(1227, 1, '2021-05-25 10:53:24', 63, 8, 4),
	(1228, 0, '2021-05-25 10:53:24', 63, 7, 5),
	(1229, 1, '2021-05-25 10:53:24', 63, 4, 5),
	(1230, 0, '2021-05-25 10:53:24', 63, 1, 6),
	(1231, 1, '2021-05-25 10:53:24', 63, 10, 6),
	(1232, 0, '2021-05-25 10:53:24', 63, 7, 7),
	(1233, 1, '2021-05-25 10:53:24', 63, 4, 7),
	(1234, 0, '2021-05-25 10:53:24', 63, 5, 8),
	(1235, 1, '2021-05-25 10:53:24', 63, 1, 8),
	(1236, 0, '2021-05-25 10:53:24', 63, 3, 9),
	(1237, 1, '2021-05-25 10:53:24', 63, 8, 9),
	(1238, 0, '2021-05-25 10:53:24', 63, 7, 10),
	(1239, 1, '2021-05-25 10:53:24', 63, 2, 10),
	(1240, 0, '2021-05-25 10:53:24', 63, 12, 11),
	(1241, 1, '2021-05-25 10:53:24', 63, 6, 11),
	(1242, 0, '2021-05-25 10:53:24', 63, 11, 12),
	(1243, 1, '2021-05-25 10:53:24', 63, 5, 12),
	(1244, 0, '2021-05-25 10:53:24', 63, 1, 13),
	(1245, 1, '2021-05-25 10:53:24', 63, 8, 13),
	(1246, 0, '2021-05-25 10:53:24', 63, 4, 14),
	(1247, 1, '2021-05-25 10:53:24', 63, 11, 14),
	(1248, 0, '2021-05-25 10:53:24', 63, 1, 15),
	(1249, 1, '2021-05-25 10:53:24', 63, 2, 15),
	(1250, 0, '2021-05-25 10:53:24', 63, 10, 16),
	(1251, 1, '2021-05-25 10:53:24', 63, 12, 16),
	(1252, 0, '2021-05-25 10:53:24', 63, 3, 17),
	(1253, 1, '2021-05-25 10:53:24', 63, 6, 17),
	(1254, 0, '2021-05-25 10:53:24', 63, 4, 18),
	(1255, 1, '2021-05-25 10:53:24', 63, 1, 18),
	(1256, 0, '2021-05-25 10:53:24', 63, 9, 19),
	(1257, 1, '2021-05-25 10:53:24', 63, 11, 19),
	(1258, 0, '2021-05-25 10:53:24', 64, 3, 1),
	(1259, 1, '2021-05-25 10:53:24', 64, 1, 1),
	(1260, 0, '2021-05-25 10:53:24', 64, 2, 2),
	(1261, 1, '2021-05-25 10:53:24', 64, 3, 2),
	(1262, 0, '2021-05-25 10:53:24', 64, 8, 3),
	(1263, 1, '2021-05-25 10:53:24', 64, 2, 3),
	(1264, 0, '2021-05-25 10:53:24', 64, 11, 4),
	(1265, 1, '2021-05-25 10:53:24', 64, 6, 4),
	(1266, 0, '2021-05-25 10:53:24', 64, 8, 5),
	(1267, 1, '2021-05-25 10:53:24', 64, 2, 5),
	(1268, 0, '2021-05-25 10:53:24', 64, 4, 6),
	(1269, 1, '2021-05-25 10:53:24', 64, 5, 6),
	(1270, 0, '2021-05-25 10:53:24', 64, 10, 7),
	(1271, 1, '2021-05-25 10:53:24', 64, 12, 7),
	(1272, 0, '2021-05-25 10:53:24', 64, 6, 8),
	(1273, 1, '2021-05-25 10:53:24', 64, 7, 8),
	(1274, 0, '2021-05-25 10:53:24', 64, 8, 9),
	(1275, 1, '2021-05-25 10:53:24', 64, 8, 9),
	(1276, 1, '2021-05-25 10:53:24', 64, 10, 10),
	(1277, 0, '2021-05-25 10:53:24', 64, 4, 11),
	(1278, 1, '2021-05-25 10:53:24', 64, 1, 11),
	(1279, 0, '2021-05-25 10:53:24', 64, 1, 12),
	(1280, 1, '2021-05-25 10:53:24', 64, 4, 12),
	(1281, 0, '2021-05-25 10:53:24', 64, 4, 13),
	(1282, 1, '2021-05-25 10:53:24', 64, 5, 13),
	(1283, 0, '2021-05-25 10:53:24', 64, 4, 14),
	(1284, 1, '2021-05-25 10:53:24', 64, 12, 14),
	(1285, 0, '2021-05-25 10:53:24', 64, 11, 15),
	(1286, 1, '2021-05-25 10:53:24', 64, 2, 15),
	(1287, 0, '2021-05-25 10:53:24', 64, 10, 16),
	(1288, 1, '2021-05-25 10:53:24', 64, 9, 16),
	(1289, 0, '2021-05-25 10:53:24', 64, 4, 17),
	(1290, 1, '2021-05-25 10:53:24', 64, 12, 17),
	(1291, 0, '2021-05-25 10:53:24', 64, 6, 18),
	(1292, 1, '2021-05-25 10:53:24', 64, 6, 18),
	(1293, 0, '2021-05-25 10:53:24', 64, 4, 19),
	(1294, 1, '2021-05-25 10:53:24', 64, 3, 19),
	(1295, 0, '2021-05-25 10:53:24', 65, 10, 1),
	(1296, 1, '2021-05-25 10:53:24', 65, 7, 1),
	(1297, 0, '2021-05-25 10:53:24', 65, 7, 2),
	(1298, 1, '2021-05-25 10:53:24', 65, 12, 2),
	(1299, 0, '2021-05-25 10:53:24', 65, 7, 3),
	(1300, 1, '2021-05-25 10:53:24', 65, 1, 3),
	(1301, 0, '2021-05-25 10:53:24', 65, 9, 4),
	(1302, 1, '2021-05-25 10:53:24', 65, 7, 4),
	(1303, 0, '2021-05-25 10:53:24', 65, 12, 5),
	(1304, 1, '2021-05-25 10:53:24', 65, 6, 5),
	(1305, 0, '2021-05-25 10:53:24', 65, 5, 6),
	(1306, 1, '2021-05-25 10:53:24', 65, 4, 6),
	(1307, 1, '2021-05-25 10:53:24', 65, 3, 7),
	(1308, 0, '2021-05-25 10:53:24', 65, 1, 8),
	(1309, 1, '2021-05-25 10:53:24', 65, 8, 8),
	(1310, 0, '2021-05-25 10:53:24', 65, 4, 9),
	(1311, 1, '2021-05-25 10:53:24', 65, 1, 9),
	(1312, 0, '2021-05-25 10:53:24', 65, 10, 10),
	(1313, 1, '2021-05-25 10:53:24', 65, 8, 10),
	(1314, 0, '2021-05-25 10:53:24', 65, 5, 11),
	(1315, 1, '2021-05-25 10:53:24', 65, 4, 11),
	(1316, 0, '2021-05-25 10:53:24', 65, 9, 12),
	(1317, 1, '2021-05-25 10:53:24', 65, 4, 12),
	(1318, 0, '2021-05-25 10:53:24', 65, 1, 13),
	(1319, 1, '2021-05-25 10:53:24', 65, 12, 13),
	(1320, 0, '2021-05-25 10:53:24', 65, 7, 14),
	(1321, 1, '2021-05-25 10:53:24', 65, 11, 14),
	(1322, 0, '2021-05-25 10:53:24', 65, 6, 15),
	(1323, 1, '2021-05-25 10:53:24', 65, 3, 15),
	(1324, 0, '2021-05-25 10:53:24', 65, 6, 16),
	(1325, 1, '2021-05-25 10:53:24', 65, 9, 16),
	(1326, 0, '2021-05-25 10:53:24', 65, 4, 17),
	(1327, 1, '2021-05-25 10:53:24', 65, 6, 17),
	(1328, 0, '2021-05-25 10:53:24', 65, 8, 18),
	(1329, 1, '2021-05-25 10:53:24', 65, 9, 18),
	(1330, 0, '2021-05-25 10:53:24', 65, 4, 19),
	(1331, 1, '2021-05-25 10:53:24', 65, 5, 19),
	(1332, 0, '2021-05-25 10:53:24', 66, 3, 1),
	(1333, 1, '2021-05-25 10:53:24', 66, 1, 1),
	(1334, 1, '2021-05-25 10:53:24', 66, 8, 2),
	(1335, 0, '2021-05-25 10:53:24', 66, 12, 3),
	(1336, 1, '2021-05-25 10:53:24', 66, 11, 3),
	(1337, 0, '2021-05-25 10:53:24', 66, 2, 4),
	(1338, 1, '2021-05-25 10:53:24', 66, 1, 4),
	(1339, 0, '2021-05-25 10:53:24', 66, 2, 5),
	(1340, 1, '2021-05-25 10:53:24', 66, 1, 5),
	(1341, 0, '2021-05-25 10:53:24', 66, 10, 6),
	(1342, 1, '2021-05-25 10:53:24', 66, 2, 6),
	(1343, 0, '2021-05-25 10:53:24', 66, 6, 7),
	(1344, 1, '2021-05-25 10:53:24', 66, 3, 7),
	(1345, 0, '2021-05-25 10:53:24', 66, 5, 8),
	(1346, 1, '2021-05-25 10:53:24', 66, 10, 8),
	(1347, 0, '2021-05-25 10:53:24', 66, 2, 9),
	(1348, 1, '2021-05-25 10:53:24', 66, 4, 9),
	(1349, 0, '2021-05-25 10:53:24', 66, 12, 10),
	(1350, 1, '2021-05-25 10:53:24', 66, 10, 10),
	(1351, 0, '2021-05-25 10:53:24', 66, 8, 11),
	(1352, 1, '2021-05-25 10:53:24', 66, 1, 11),
	(1353, 0, '2021-05-25 10:53:24', 66, 11, 12),
	(1354, 1, '2021-05-25 10:53:24', 66, 4, 12),
	(1355, 0, '2021-05-25 10:53:24', 66, 1, 13),
	(1356, 1, '2021-05-25 10:53:24', 66, 12, 13),
	(1357, 0, '2021-05-25 10:53:24', 66, 10, 14),
	(1358, 1, '2021-05-25 10:53:24', 66, 8, 14),
	(1359, 0, '2021-05-25 10:53:24', 66, 1, 15),
	(1360, 1, '2021-05-25 10:53:24', 66, 9, 15),
	(1361, 0, '2021-05-25 10:53:24', 66, 5, 16),
	(1362, 1, '2021-05-25 10:53:24', 66, 12, 16),
	(1363, 0, '2021-05-25 10:53:24', 66, 2, 17),
	(1364, 1, '2021-05-25 10:53:24', 66, 7, 17),
	(1365, 0, '2021-05-25 10:53:24', 66, 10, 18),
	(1366, 1, '2021-05-25 10:53:24', 66, 6, 18),
	(1367, 0, '2021-05-25 10:53:24', 66, 7, 19),
	(1368, 1, '2021-05-25 10:53:24', 66, 8, 19),
	(1369, 0, '2021-05-25 10:53:24', 67, 6, 1),
	(1370, 1, '2021-05-25 10:53:24', 67, 7, 1),
	(1371, 0, '2021-05-25 10:53:24', 67, 8, 2),
	(1372, 1, '2021-05-25 10:53:24', 67, 9, 2),
	(1373, 0, '2021-05-25 10:53:24', 67, 11, 3),
	(1374, 1, '2021-05-25 10:53:24', 67, 7, 3),
	(1375, 0, '2021-05-25 10:53:24', 67, 3, 4),
	(1376, 1, '2021-05-25 10:53:24', 67, 5, 4),
	(1377, 0, '2021-05-25 10:53:24', 67, 11, 5),
	(1378, 1, '2021-05-25 10:53:24', 67, 2, 5),
	(1379, 0, '2021-05-25 10:53:24', 67, 8, 6),
	(1380, 1, '2021-05-25 10:53:24', 67, 5, 6),
	(1381, 0, '2021-05-25 10:53:24', 67, 3, 7),
	(1382, 1, '2021-05-25 10:53:24', 67, 8, 7),
	(1383, 0, '2021-05-25 10:53:24', 67, 5, 8),
	(1384, 1, '2021-05-25 10:53:24', 67, 7, 8),
	(1385, 0, '2021-05-25 10:53:24', 67, 10, 9),
	(1386, 1, '2021-05-25 10:53:24', 67, 7, 9),
	(1387, 0, '2021-05-25 10:53:24', 67, 10, 10),
	(1388, 1, '2021-05-25 10:53:24', 67, 2, 10),
	(1389, 0, '2021-05-25 10:53:24', 67, 5, 11),
	(1390, 1, '2021-05-25 10:53:24', 67, 1, 11),
	(1391, 0, '2021-05-25 10:53:24', 67, 5, 12),
	(1392, 1, '2021-05-25 10:53:24', 67, 6, 12),
	(1393, 0, '2021-05-25 10:53:24', 67, 10, 13),
	(1394, 1, '2021-05-25 10:53:24', 67, 3, 13),
	(1395, 0, '2021-05-25 10:53:24', 67, 11, 14),
	(1396, 1, '2021-05-25 10:53:24', 67, 11, 14),
	(1397, 0, '2021-05-25 10:53:24', 67, 11, 15),
	(1398, 1, '2021-05-25 10:53:24', 67, 11, 15),
	(1399, 0, '2021-05-25 10:53:24', 67, 10, 16),
	(1400, 1, '2021-05-25 10:53:24', 67, 1, 16),
	(1401, 0, '2021-05-25 10:53:24', 67, 5, 17),
	(1402, 1, '2021-05-25 10:53:24', 67, 4, 17),
	(1403, 0, '2021-05-25 10:53:24', 67, 10, 18),
	(1404, 1, '2021-05-25 10:53:24', 67, 10, 18),
	(1405, 0, '2021-05-25 10:53:24', 67, 6, 19),
	(1406, 1, '2021-05-25 10:53:24', 67, 1, 19);
/*!40000 ALTER TABLE `shiftchecks` ENABLE KEYS */;

-- Listage des données de la table csunvb_csu.shiftcomments : ~84 rows (environ)
/*!40000 ALTER TABLE `shiftcomments` DISABLE KEYS */;
INSERT INTO `shiftcomments` (`id`, `message`, `time`, `carryOn`, `endOfCarryOn`, `user_id`, `shiftsheet_id`, `shiftaction_id`) VALUES
	(1, 'Bonjour', '2021-05-25 10:53:22', 0, NULL, 10, 8, 1),
	(2, 'Bonjour', '2021-05-25 10:53:22', 0, NULL, 11, 23, 9),
	(3, 'Bonjour', '2021-05-25 10:53:22', 0, NULL, 4, 38, 8),
	(4, 'Bonjour', '2021-05-25 10:53:22', 0, NULL, 4, 53, 3),
	(5, 'Bonjour', '2021-05-25 10:53:22', 0, NULL, 11, 53, 17),
	(6, 'Bonjour', '2021-05-25 10:53:22', 0, NULL, 1, 2, 4),
	(7, 'Bonjour', '2021-05-25 10:53:22', 0, NULL, 3, 2, 12),
	(8, 'Bonjour', '2021-05-25 10:53:22', 0, NULL, 10, 2, 18),
	(9, 'Bonjour', '2021-05-25 10:53:22', 0, NULL, 8, 3, 7),
	(10, 'Bonjour', '2021-05-25 10:53:22', 0, NULL, 12, 4, 3),
	(11, 'Bonjour', '2021-05-25 10:53:22', 0, NULL, 8, 4, 16),
	(12, 'Bonjour', '2021-05-25 10:53:22', 0, NULL, 4, 4, 19),
	(13, 'Bonjour', '2021-05-25 10:53:22', 0, NULL, 11, 5, 1),
	(14, 'Bonjour', '2021-05-25 10:53:22', 0, NULL, 7, 5, 3),
	(15, 'Bonjour', '2021-05-25 10:53:22', 0, NULL, 7, 5, 14),
	(16, 'Bonjour', '2021-05-25 10:53:22', 0, NULL, 6, 6, 3),
	(17, 'Bonjour', '2021-05-25 10:53:22', 0, NULL, 3, 6, 9),
	(18, 'Bonjour', '2021-05-25 10:53:22', 0, NULL, 11, 6, 10),
	(19, 'Bonjour', '2021-05-25 10:53:23', 0, NULL, 10, 6, 14),
	(20, 'Bonjour', '2021-05-25 10:53:23', 0, NULL, 7, 7, 4),
	(21, 'Bonjour', '2021-05-25 10:53:23', 0, NULL, 2, 7, 9),
	(22, 'Bonjour', '2021-05-25 10:53:23', 0, NULL, 2, 16, 6),
	(23, 'Bonjour', '2021-05-25 10:53:23', 0, NULL, 9, 16, 14),
	(24, 'Bonjour', '2021-05-25 10:53:23', 0, NULL, 11, 17, 12),
	(25, 'Bonjour', '2021-05-25 10:53:23', 0, NULL, 3, 18, 2),
	(26, 'Bonjour', '2021-05-25 10:53:23', 0, NULL, 3, 19, 4),
	(27, 'Bonjour', '2021-05-25 10:53:23', 0, NULL, 3, 19, 15),
	(28, 'Bonjour', '2021-05-25 10:53:23', 0, NULL, 8, 19, 18),
	(29, 'Bonjour', '2021-05-25 10:53:23', 0, NULL, 2, 20, 1),
	(30, 'Bonjour', '2021-05-25 10:53:23', 0, NULL, 9, 20, 14),
	(31, 'Bonjour', '2021-05-25 10:53:23', 0, NULL, 3, 20, 16),
	(32, 'Bonjour', '2021-05-25 10:53:23', 0, NULL, 9, 21, 9),
	(33, 'Bonjour', '2021-05-25 10:53:23', 0, NULL, 11, 21, 11),
	(34, 'Bonjour', '2021-05-25 10:53:23', 0, NULL, 10, 22, 3),
	(35, 'Bonjour', '2021-05-25 10:53:23', 0, NULL, 5, 22, 19),
	(36, 'Bonjour', '2021-05-25 10:53:23', 0, NULL, 2, 31, 2),
	(37, 'Bonjour', '2021-05-25 10:53:23', 0, NULL, 12, 32, 6),
	(38, 'Bonjour', '2021-05-25 10:53:23', 0, NULL, 6, 32, 7),
	(39, 'Bonjour', '2021-05-25 10:53:23', 0, NULL, 9, 32, 16),
	(40, 'Bonjour', '2021-05-25 10:53:23', 0, NULL, 2, 33, 2),
	(41, 'Bonjour', '2021-05-25 10:53:23', 0, NULL, 12, 33, 10),
	(42, 'Bonjour', '2021-05-25 10:53:23', 0, NULL, 8, 34, 12),
	(43, 'Bonjour', '2021-05-25 10:53:23', 0, NULL, 7, 34, 17),
	(44, 'Bonjour', '2021-05-25 10:53:23', 0, NULL, 9, 35, 10),
	(45, 'Bonjour', '2021-05-25 10:53:23', 0, NULL, 3, 35, 12),
	(46, 'Bonjour', '2021-05-25 10:53:23', 0, NULL, 5, 35, 14),
	(47, 'Bonjour', '2021-05-25 10:53:23', 0, NULL, 11, 35, 15),
	(48, 'Bonjour', '2021-05-25 10:53:23', 0, NULL, 10, 35, 19),
	(49, 'Bonjour', '2021-05-25 10:53:23', 0, NULL, 12, 36, 7),
	(50, 'Bonjour', '2021-05-25 10:53:23', 0, NULL, 11, 37, 3),
	(51, 'Bonjour', '2021-05-25 10:53:23', 0, NULL, 9, 37, 4),
	(52, 'Bonjour', '2021-05-25 10:53:23', 0, NULL, 1, 37, 10),
	(53, 'Bonjour', '2021-05-25 10:53:23', 0, NULL, 7, 37, 12),
	(54, 'Bonjour', '2021-05-25 10:53:23', 0, NULL, 5, 37, 15),
	(55, 'Bonjour', '2021-05-25 10:53:23', 0, NULL, 10, 46, 15),
	(56, 'Bonjour', '2021-05-25 10:53:23', 0, NULL, 3, 46, 18),
	(57, 'Bonjour', '2021-05-25 10:53:23', 0, NULL, 12, 47, 8),
	(58, 'Bonjour', '2021-05-25 10:53:23', 0, NULL, 9, 48, 3),
	(59, 'Bonjour', '2021-05-25 10:53:23', 0, NULL, 2, 49, 17),
	(60, 'Bonjour', '2021-05-25 10:53:23', 0, NULL, 12, 50, 4),
	(61, 'Bonjour', '2021-05-25 10:53:23', 0, NULL, 6, 50, 17),
	(62, 'Bonjour', '2021-05-25 10:53:24', 0, NULL, 9, 51, 7),
	(63, 'Bonjour', '2021-05-25 10:53:24', 0, NULL, 5, 51, 12),
	(64, 'Bonjour', '2021-05-25 10:53:24', 0, NULL, 11, 51, 15),
	(65, 'Bonjour', '2021-05-25 10:53:24', 0, NULL, 6, 52, 3),
	(66, 'Bonjour', '2021-05-25 10:53:24', 0, NULL, 10, 52, 14),
	(67, 'Bonjour', '2021-05-25 10:53:24', 0, NULL, 2, 61, 3),
	(68, 'Bonjour', '2021-05-25 10:53:24', 0, NULL, 6, 61, 9),
	(69, 'Bonjour', '2021-05-25 10:53:24', 0, NULL, 5, 61, 16),
	(70, 'Bonjour', '2021-05-25 10:53:24', 0, NULL, 7, 63, 13),
	(71, 'Bonjour', '2021-05-25 10:53:24', 0, NULL, 8, 64, 13),
	(72, 'Bonjour', '2021-05-25 10:53:24', 0, NULL, 1, 64, 15),
	(73, 'Bonjour', '2021-05-25 10:53:24', 0, NULL, 8, 65, 2),
	(74, 'Bonjour', '2021-05-25 10:53:24', 0, NULL, 10, 65, 13),
	(75, 'Bonjour', '2021-05-25 10:53:24', 0, NULL, 1, 65, 17),
	(76, 'Bonjour', '2021-05-25 10:53:24', 0, NULL, 11, 66, 2),
	(77, 'Bonjour', '2021-05-25 10:53:24', 0, NULL, 1, 66, 6),
	(78, 'Bonjour', '2021-05-25 10:53:24', 0, NULL, 1, 66, 10),
	(79, 'Bonjour', '2021-05-25 10:53:24', 0, NULL, 7, 66, 11),
	(80, 'Bonjour', '2021-05-25 10:53:24', 0, NULL, 9, 66, 13),
	(81, 'Bonjour', '2021-05-25 10:53:24', 0, NULL, 5, 66, 15),
	(82, 'Bonjour', '2021-05-25 10:53:24', 0, NULL, 11, 66, 17),
	(83, 'Bonjour', '2021-05-25 10:53:24', 0, NULL, 6, 66, 18),
	(84, 'Bonjour', '2021-05-25 10:53:24', 0, NULL, 1, 67, 15);
/*!40000 ALTER TABLE `shiftcomments` ENABLE KEYS */;

-- Listage des données de la table csunvb_csu.shiftmodels : ~5 rows (environ)
/*!40000 ALTER TABLE `shiftmodels` DISABLE KEYS */;
INSERT INTO `shiftmodels` (`id`, `name`, `nbTeamD`, `nbTeamN`, `suggested`) VALUES
	(1, 'Vide', 1, 1, 1),
	(2, 'Classique', 1, 1, 1),
	(3, 'Modèle de Test 1', 1, 1, 1),
	(4, 'Modèle de Test 2', 1, 1, 1),
	(5, 'Modèle de Test 3', 1, 1, 1);
/*!40000 ALTER TABLE `shiftmodels` ENABLE KEYS */;

-- Listage des données de la table csunvb_csu.shiftmodel_has_shiftaction : ~64 rows (environ)
/*!40000 ALTER TABLE `shiftmodel_has_shiftaction` DISABLE KEYS */;
INSERT INTO `shiftmodel_has_shiftaction` (`id`, `shiftaction_id`, `shiftmodel_id`) VALUES
	(1, 1, 2),
	(20, 1, 3),
	(34, 1, 4),
	(51, 1, 5),
	(2, 2, 2),
	(21, 2, 3),
	(35, 2, 4),
	(52, 2, 5),
	(3, 3, 2),
	(22, 3, 3),
	(36, 3, 4),
	(53, 3, 5),
	(4, 4, 2),
	(23, 4, 3),
	(37, 4, 4),
	(54, 4, 5),
	(5, 5, 2),
	(24, 5, 3),
	(38, 5, 4),
	(6, 6, 2),
	(39, 6, 4),
	(55, 6, 5),
	(7, 7, 2),
	(25, 7, 3),
	(40, 7, 4),
	(56, 7, 5),
	(8, 8, 2),
	(41, 8, 4),
	(57, 8, 5),
	(9, 9, 2),
	(26, 9, 3),
	(58, 9, 5),
	(10, 10, 2),
	(27, 10, 3),
	(42, 10, 4),
	(11, 11, 2),
	(28, 11, 3),
	(43, 11, 4),
	(12, 12, 2),
	(44, 12, 4),
	(13, 13, 2),
	(29, 13, 3),
	(45, 13, 4),
	(14, 14, 2),
	(30, 14, 3),
	(46, 14, 4),
	(59, 14, 5),
	(15, 15, 2),
	(31, 15, 3),
	(47, 15, 4),
	(60, 15, 5),
	(16, 16, 2),
	(32, 16, 3),
	(48, 16, 4),
	(61, 16, 5),
	(17, 17, 2),
	(33, 17, 3),
	(62, 17, 5),
	(18, 18, 2),
	(49, 18, 4),
	(63, 18, 5),
	(19, 19, 2),
	(50, 19, 4),
	(64, 19, 5);
/*!40000 ALTER TABLE `shiftmodel_has_shiftaction` ENABLE KEYS */;

-- Listage des données de la table csunvb_csu.shiftsections : ~4 rows (environ)
/*!40000 ALTER TABLE `shiftsections` DISABLE KEYS */;
INSERT INTO `shiftsections` (`id`, `title`) VALUES
	(1, 'Centrale & Tâches'),
	(2, 'Ecrans de communication & Trafic'),
	(3, 'Matériel & Télécom'),
	(4, 'Véhicules & Interventions');
/*!40000 ALTER TABLE `shiftsections` ENABLE KEYS */;

-- Listage des données de la table csunvb_csu.shiftsheets : ~75 rows (environ)
/*!40000 ALTER TABLE `shiftsheets` DISABLE KEYS */;
INSERT INTO `shiftsheets` (`id`, `date`, `shiftmodel_id`, `base_id`, `status_id`, `closeBy`) VALUES
	(1, '2021-05-24', 2, 1, 3, 2),
	(2, '2021-05-23', 2, 1, 3, 11),
	(3, '2021-05-22', 2, 1, 3, 9),
	(4, '2021-05-21', 2, 1, 3, 8),
	(5, '2021-05-20', 2, 1, 3, 12),
	(6, '2021-05-19', 2, 1, 3, 6),
	(7, '2021-05-18', 2, 1, 3, 3),
	(8, '2021-05-25', 2, 1, 2, NULL),
	(9, '2021-05-26', 2, 1, 1, NULL),
	(10, '2021-05-27', 2, 1, 1, NULL),
	(11, '2021-05-28', 2, 1, 1, NULL),
	(12, '2021-05-29', 2, 1, 1, NULL),
	(13, '2021-05-30', 2, 1, 1, NULL),
	(14, '2021-05-31', 2, 1, 1, NULL),
	(15, '2021-06-01', 2, 1, 1, NULL),
	(16, '2021-05-24', 2, 2, 4, 6),
	(17, '2021-05-23', 2, 2, 3, 12),
	(18, '2021-05-22', 2, 2, 3, 10),
	(19, '2021-05-21', 2, 2, 3, 1),
	(20, '2021-05-20', 2, 2, 3, 9),
	(21, '2021-05-19', 2, 2, 3, 2),
	(22, '2021-05-18', 2, 2, 4, 9),
	(23, '2021-05-25', 2, 2, 3, 6),
	(24, '2021-05-26', 2, 2, 1, NULL),
	(25, '2021-05-27', 2, 2, 1, NULL),
	(26, '2021-05-28', 2, 2, 1, NULL),
	(27, '2021-05-29', 2, 2, 1, NULL),
	(28, '2021-05-30', 2, 2, 1, NULL),
	(29, '2021-05-31', 2, 2, 1, NULL),
	(30, '2021-06-01', 2, 2, 4, 103),
	(31, '2021-05-24', 2, 3, 3, 2),
	(32, '2021-05-23', 2, 3, 3, 5),
	(33, '2021-05-22', 2, 3, 3, 4),
	(34, '2021-05-21', 2, 3, 3, 8),
	(35, '2021-05-20', 2, 3, 3, 3),
	(36, '2021-05-19', 2, 3, 3, 7),
	(37, '2021-05-18', 2, 3, 3, 11),
	(38, '2021-05-25', 2, 3, 2, NULL),
	(39, '2021-05-26', 2, 3, 1, NULL),
	(40, '2021-05-27', 2, 3, 1, NULL),
	(41, '2021-05-28', 2, 3, 1, NULL),
	(42, '2021-05-29', 2, 3, 1, NULL),
	(43, '2021-05-30', 2, 3, 1, NULL),
	(44, '2021-05-31', 2, 3, 1, NULL),
	(45, '2021-06-01', 2, 3, 1, NULL),
	(46, '2021-05-24', 2, 4, 3, 2),
	(47, '2021-05-23', 2, 4, 3, 3),
	(48, '2021-05-22', 2, 4, 3, 7),
	(49, '2021-05-21', 2, 4, 3, 2),
	(50, '2021-05-20', 2, 4, 3, 8),
	(51, '2021-05-19', 2, 4, 3, 7),
	(52, '2021-05-18', 2, 4, 3, 10),
	(53, '2021-05-25', 2, 4, 2, NULL),
	(54, '2021-05-26', 2, 4, 1, NULL),
	(55, '2021-05-27', 2, 4, 1, NULL),
	(56, '2021-05-28', 2, 4, 1, NULL),
	(57, '2021-05-29', 2, 4, 1, NULL),
	(58, '2021-05-30', 2, 4, 1, NULL),
	(59, '2021-05-31', 2, 4, 1, NULL),
	(60, '2021-06-01', 2, 4, 1, NULL),
	(61, '2021-05-24', 2, 5, 3, 1),
	(62, '2021-05-23', 2, 5, 3, 5),
	(63, '2021-05-22', 2, 5, 3, 10),
	(64, '2021-05-21', 2, 5, 3, 4),
	(65, '2021-05-20', 2, 5, 3, 7),
	(66, '2021-05-19', 2, 5, 3, 9),
	(67, '2021-05-18', 2, 5, 3, 3),
	(68, '2021-05-25', 2, 5, 2, NULL),
	(69, '2021-05-26', 2, 5, 1, NULL),
	(70, '2021-05-27', 2, 5, 1, NULL),
	(71, '2021-05-28', 2, 5, 1, NULL),
	(72, '2021-05-29', 2, 5, 1, NULL),
	(73, '2021-05-30', 2, 5, 1, NULL),
	(74, '2021-05-31', 2, 5, 1, NULL),
	(75, '2021-06-01', 2, 5, 1, NULL);
/*!40000 ALTER TABLE `shiftsheets` ENABLE KEYS */;

-- Listage des données de la table csunvb_csu.shiftteams : ~155 rows (environ)
/*!40000 ALTER TABLE `shiftteams` DISABLE KEYS */;
INSERT INTO `shiftteams` (`id`, `shiftsheet_id`, `boss_id`, `teammate_id`, `nova_id`, `day`) VALUES
	(1, 1, 4, 2, 7, 0),
	(2, 1, 10, 3, 8, 1),
	(3, 2, 2, 3, 7, 0),
	(4, 2, 2, 1, 9, 1),
	(5, 3, 4, 3, 4, 0),
	(6, 3, 11, 5, 5, 1),
	(7, 4, 3, 12, 2, 0),
	(8, 4, 12, 4, 7, 1),
	(9, 5, 3, 2, 10, 0),
	(10, 5, 11, 12, 1, 1),
	(11, 6, 1, 11, 3, 0),
	(12, 6, 5, 4, 5, 1),
	(13, 7, 12, 11, 9, 0),
	(14, 7, 2, 5, 7, 1),
	(15, 8, 11, 8, 4, 0),
	(16, 8, 9, 9, 4, 1),
	(17, 8, 5, 1, 11, 1),
	(18, 9, 10, 3, 6, 0),
	(19, 9, 10, 6, 2, 1),
	(20, 10, 2, 5, 6, 0),
	(21, 10, 5, 5, 8, 1),
	(22, 11, 5, 9, 5, 0),
	(23, 11, 2, 3, 10, 1),
	(24, 12, 6, 10, 8, 0),
	(25, 12, 10, 2, 3, 1),
	(26, 13, 8, 8, 3, 0),
	(27, 13, 2, 11, 3, 1),
	(28, 14, NULL, NULL, NULL, 0),
	(29, 14, NULL, NULL, NULL, 1),
	(30, 15, NULL, NULL, NULL, 0),
	(31, 15, NULL, NULL, NULL, 1),
	(32, 16, 6, 2, 1, 0),
	(33, 16, 11, 4, 11, 1),
	(34, 17, 10, 2, 4, 0),
	(35, 17, 2, 8, 11, 1),
	(36, 18, 2, 1, 1, 0),
	(37, 18, 3, 9, 10, 1),
	(38, 19, 12, 6, 5, 0),
	(39, 19, 7, 7, 1, 1),
	(40, 20, 3, 2, 10, 0),
	(41, 20, 11, 11, 9, 1),
	(42, 21, 4, 2, 8, 0),
	(43, 21, 2, 8, 9, 1),
	(44, 22, 7, 7, 2, 0),
	(45, 22, 12, 7, 8, 1),
	(46, 23, 9, 8, 2, 0),
	(47, 23, 8, 10, 3, 1),
	(48, 23, 8, 7, 11, 1),
	(49, 24, 11, 7, 1, 0),
	(50, 24, 9, 6, 3, 1),
	(51, 25, 11, 6, 8, 0),
	(52, 25, 12, 11, 7, 1),
	(53, 26, 2, 1, 9, 0),
	(54, 26, 11, 1, 5, 1),
	(55, 27, 12, 7, 11, 0),
	(56, 27, 3, 3, 3, 1),
	(57, 28, 6, 7, 5, 0),
	(58, 28, 6, 1, 10, 1),
	(59, 29, NULL, NULL, NULL, 0),
	(60, 29, NULL, NULL, NULL, 1),
	(61, 30, 103, 9, 3, 0),
	(62, 30, 10, 1, 4, 1),
	(63, 31, 12, 8, 3, 0),
	(64, 31, 5, 12, 10, 1),
	(65, 32, 5, 10, 10, 0),
	(66, 32, 10, 5, 6, 1),
	(67, 33, 1, 3, 1, 0),
	(68, 33, 8, 1, 2, 1),
	(69, 34, 9, 9, 5, 0),
	(70, 34, 12, 7, 11, 1),
	(71, 35, 2, 12, 4, 0),
	(72, 35, 10, 12, 6, 1),
	(73, 36, 1, 11, 1, 0),
	(74, 36, 9, 6, 1, 1),
	(75, 37, 5, 1, 4, 0),
	(76, 37, 4, 9, 5, 1),
	(77, 38, 3, 9, 8, 0),
	(78, 38, 8, 11, 8, 1),
	(79, 38, 11, 1, 10, 1),
	(80, 39, 12, 2, 9, 0),
	(81, 39, 7, 5, 5, 1),
	(82, 40, 11, 4, 7, 0),
	(83, 40, 1, 7, 5, 1),
	(84, 41, 9, 3, 1, 0),
	(85, 41, 5, 12, 7, 1),
	(86, 42, 12, 3, 3, 0),
	(87, 42, 7, 10, 6, 1),
	(88, 43, 1, 11, 1, 0),
	(89, 43, 6, 6, 11, 1),
	(90, 44, NULL, NULL, NULL, 0),
	(91, 44, NULL, NULL, NULL, 1),
	(92, 45, NULL, NULL, NULL, 0),
	(93, 45, NULL, NULL, NULL, 1),
	(94, 46, 12, 5, 11, 0),
	(95, 46, 8, 5, 1, 1),
	(96, 47, 10, 4, 1, 0),
	(97, 47, 6, 1, 8, 1),
	(98, 48, 7, 3, 5, 0),
	(99, 48, 5, 8, 11, 1),
	(100, 49, 8, 8, 3, 0),
	(101, 49, 5, 4, 4, 1),
	(102, 50, 1, 8, 9, 0),
	(103, 50, 2, 5, 7, 1),
	(104, 51, 2, 10, 10, 0),
	(105, 51, 11, 8, 9, 1),
	(106, 52, 10, 7, 6, 0),
	(107, 52, 8, 9, 7, 1),
	(108, 53, 1, 5, 10, 0),
	(109, 53, 1, 10, 9, 1),
	(110, 53, 8, 10, 2, 1),
	(111, 54, 3, 6, 10, 0),
	(112, 54, 11, 12, 1, 1),
	(113, 55, 3, 3, 2, 0),
	(114, 55, 1, 9, 7, 1),
	(115, 56, 8, 8, 11, 0),
	(116, 56, 1, 6, 11, 1),
	(117, 57, 8, 4, 7, 0),
	(118, 57, 11, 11, 7, 1),
	(119, 58, 5, 1, 2, 0),
	(120, 58, 7, 5, 3, 1),
	(121, 59, NULL, NULL, NULL, 0),
	(122, 59, NULL, NULL, NULL, 1),
	(123, 60, NULL, NULL, NULL, 0),
	(124, 60, NULL, NULL, NULL, 1),
	(125, 61, 8, 10, 2, 0),
	(126, 61, 4, 1, 4, 1),
	(127, 62, 12, 10, 2, 0),
	(128, 62, 4, 3, 10, 1),
	(129, 63, 6, 12, 6, 0),
	(130, 63, 8, 6, 6, 1),
	(131, 64, 9, 8, 11, 0),
	(132, 64, 10, 5, 7, 1),
	(133, 65, 12, 3, 1, 0),
	(134, 65, 9, 5, 9, 1),
	(135, 66, 4, 4, 8, 0),
	(136, 66, 6, 3, 9, 1),
	(137, 67, 7, 4, 11, 0),
	(138, 67, 9, 10, 10, 1),
	(139, 68, 1, 8, 10, 0),
	(140, 68, 6, 10, 5, 1),
	(141, 68, 8, 2, 6, 1),
	(142, 69, 3, 8, 6, 0),
	(143, 69, 7, 4, 8, 1),
	(144, 70, 8, 1, 6, 0),
	(145, 70, 3, 7, 3, 1),
	(146, 71, 4, 9, 11, 0),
	(147, 71, 6, 6, 11, 1),
	(148, 72, 5, 12, 7, 0),
	(149, 72, 2, 1, 7, 1),
	(150, 73, 10, 2, 6, 0),
	(151, 73, 12, 4, 9, 1),
	(152, 74, NULL, NULL, NULL, 0),
	(153, 74, NULL, NULL, NULL, 1),
	(154, 75, NULL, NULL, NULL, 0),
	(155, 75, NULL, NULL, NULL, 1);
/*!40000 ALTER TABLE `shiftteams` ENABLE KEYS */;

-- Listage des données de la table csunvb_csu.status : ~5 rows (environ)
/*!40000 ALTER TABLE `status` DISABLE KEYS */;
INSERT INTO `status` (`id`, `slug`, `displayname`) VALUES
	(1, 'blank', 'En préparation'),
	(2, 'open', 'Actif'),
	(3, 'close', 'Clôturé'),
	(4, 'reopen', 'En correction'),
	(5, 'archive', 'Archivé');
/*!40000 ALTER TABLE `status` ENABLE KEYS */;

-- Listage des données de la table csunvb_csu.todos : ~2'450 rows (environ)
/*!40000 ALTER TABLE `todos` DISABLE KEYS */;
INSERT INTO `todos` (`id`, `todothing_id`, `todosheet_id`, `user_id`, `value`, `done_at`, `day_of_week`) VALUES
	(190, 24, 1, NULL, NULL, NULL, 1),
	(191, 29, 1, NULL, NULL, NULL, 1),
	(192, 32, 1, NULL, NULL, NULL, 1),
	(193, 39, 1, NULL, NULL, NULL, 1),
	(194, 34, 1, NULL, NULL, NULL, 2),
	(195, 22, 1, NULL, NULL, NULL, 2),
	(196, 28, 1, NULL, NULL, NULL, 2),
	(197, 22, 1, NULL, NULL, NULL, 2),
	(198, 21, 1, NULL, NULL, NULL, 2),
	(199, 36, 1, NULL, NULL, NULL, 2),
	(200, 31, 1, NULL, NULL, NULL, 2),
	(201, 35, 1, NULL, NULL, NULL, 2),
	(202, 38, 1, NULL, NULL, NULL, 2),
	(203, 24, 1, NULL, NULL, NULL, 2),
	(204, 29, 1, NULL, NULL, NULL, 2),
	(205, 32, 1, NULL, NULL, NULL, 2),
	(206, 39, 1, NULL, NULL, NULL, 2),
	(207, 34, 1, NULL, NULL, NULL, 3),
	(208, 22, 1, NULL, NULL, NULL, 3),
	(209, 28, 1, NULL, NULL, NULL, 3),
	(210, 22, 1, NULL, NULL, NULL, 3),
	(211, 21, 1, NULL, NULL, NULL, 3),
	(212, 36, 1, NULL, NULL, NULL, 3),
	(213, 31, 1, NULL, NULL, NULL, 3),
	(214, 35, 1, NULL, NULL, NULL, 3),
	(215, 38, 1, NULL, NULL, NULL, 3),
	(216, 24, 1, NULL, NULL, NULL, 3),
	(217, 29, 1, NULL, NULL, NULL, 3),
	(218, 32, 1, NULL, NULL, NULL, 3),
	(219, 39, 1, NULL, NULL, NULL, 3),
	(220, 34, 1, NULL, NULL, NULL, 4),
	(221, 22, 1, NULL, NULL, NULL, 4),
	(222, 28, 1, NULL, NULL, NULL, 4),
	(223, 22, 1, NULL, NULL, NULL, 4),
	(224, 21, 1, NULL, NULL, NULL, 4),
	(225, 36, 1, NULL, NULL, NULL, 4),
	(226, 31, 1, NULL, NULL, NULL, 4),
	(227, 35, 1, NULL, NULL, NULL, 4),
	(228, 38, 1, NULL, NULL, NULL, 4),
	(229, 24, 1, NULL, NULL, NULL, 4),
	(230, 29, 1, NULL, NULL, NULL, 4),
	(231, 32, 1, NULL, NULL, NULL, 4),
	(232, 39, 1, NULL, NULL, NULL, 4),
	(233, 34, 1, NULL, NULL, NULL, 5),
	(234, 22, 1, NULL, NULL, NULL, 5),
	(235, 28, 1, NULL, NULL, NULL, 5),
	(236, 22, 1, NULL, NULL, NULL, 5),
	(237, 21, 1, NULL, NULL, NULL, 5),
	(238, 36, 1, NULL, NULL, NULL, 5),
	(239, 31, 1, NULL, NULL, NULL, 5),
	(240, 35, 1, NULL, NULL, NULL, 5),
	(241, 38, 1, NULL, NULL, NULL, 5),
	(242, 24, 1, NULL, NULL, NULL, 5),
	(243, 29, 1, NULL, NULL, NULL, 5),
	(244, 32, 1, NULL, NULL, NULL, 5),
	(245, 39, 1, NULL, NULL, NULL, 5),
	(246, 34, 1, NULL, NULL, NULL, 6),
	(247, 22, 1, NULL, NULL, NULL, 6),
	(248, 28, 1, NULL, NULL, NULL, 6),
	(249, 22, 1, NULL, NULL, NULL, 6),
	(250, 21, 1, NULL, NULL, NULL, 6),
	(251, 36, 1, NULL, NULL, NULL, 6),
	(252, 31, 1, NULL, NULL, NULL, 6),
	(253, 35, 1, NULL, NULL, NULL, 6),
	(254, 38, 1, NULL, NULL, NULL, 6),
	(255, 24, 1, NULL, NULL, NULL, 6),
	(256, 29, 1, NULL, NULL, NULL, 6),
	(257, 32, 1, NULL, NULL, NULL, 6),
	(258, 39, 1, NULL, NULL, NULL, 6),
	(259, 34, 1, NULL, NULL, NULL, 7),
	(260, 22, 1, NULL, NULL, NULL, 7),
	(261, 28, 1, NULL, NULL, NULL, 7),
	(262, 22, 1, NULL, NULL, NULL, 7),
	(263, 21, 1, NULL, NULL, NULL, 7),
	(264, 36, 1, NULL, NULL, NULL, 7),
	(265, 31, 1, NULL, NULL, NULL, 7),
	(266, 35, 1, NULL, NULL, NULL, 7),
	(267, 38, 1, NULL, NULL, NULL, 7),
	(268, 24, 1, NULL, NULL, NULL, 7),
	(269, 29, 1, NULL, NULL, NULL, 7),
	(270, 39, 1, NULL, NULL, NULL, 7),
	(271, 30, 1, NULL, NULL, NULL, 2),
	(272, 30, 1, NULL, NULL, NULL, 3),
	(273, 30, 1, NULL, NULL, NULL, 4),
	(274, 25, 1, NULL, NULL, NULL, 4),
	(275, 37, 1, NULL, NULL, NULL, 5),
	(276, 27, 1, NULL, NULL, NULL, 5),
	(277, 33, 1, NULL, NULL, NULL, 7),
	(278, 26, 1, NULL, NULL, NULL, 7),
	(279, 34, 1, NULL, NULL, NULL, 1),
	(280, 22, 1, NULL, NULL, NULL, 1),
	(281, 28, 1, NULL, NULL, NULL, 1),
	(282, 22, 1, NULL, NULL, NULL, 1),
	(283, 21, 1, NULL, NULL, NULL, 1),
	(284, 36, 1, NULL, NULL, NULL, 1),
	(285, 31, 1, NULL, NULL, NULL, 1),
	(286, 35, 1, NULL, NULL, NULL, 1),
	(287, 38, 1, NULL, NULL, NULL, 1),
	(288, 24, 2, NULL, NULL, NULL, 1),
	(289, 29, 2, NULL, NULL, NULL, 1),
	(290, 32, 2, NULL, NULL, NULL, 1),
	(291, 39, 2, NULL, NULL, NULL, 1),
	(292, 34, 2, NULL, NULL, NULL, 2),
	(293, 22, 2, NULL, NULL, NULL, 2),
	(294, 28, 2, NULL, NULL, NULL, 2),
	(295, 22, 2, NULL, NULL, NULL, 2),
	(296, 21, 2, NULL, NULL, NULL, 2),
	(297, 36, 2, NULL, NULL, NULL, 2),
	(298, 31, 2, NULL, NULL, NULL, 2),
	(299, 35, 2, NULL, NULL, NULL, 2),
	(300, 38, 2, NULL, NULL, NULL, 2),
	(301, 24, 2, NULL, NULL, NULL, 2),
	(302, 29, 2, NULL, NULL, NULL, 2),
	(303, 32, 2, NULL, NULL, NULL, 2),
	(304, 39, 2, NULL, NULL, NULL, 2),
	(305, 34, 2, NULL, NULL, NULL, 3),
	(306, 22, 2, NULL, NULL, NULL, 3),
	(307, 28, 2, NULL, NULL, NULL, 3),
	(308, 22, 2, NULL, NULL, NULL, 3),
	(309, 21, 2, NULL, NULL, NULL, 3),
	(310, 36, 2, NULL, NULL, NULL, 3),
	(311, 31, 2, NULL, NULL, NULL, 3),
	(312, 35, 2, NULL, NULL, NULL, 3),
	(313, 38, 2, NULL, NULL, NULL, 3),
	(314, 24, 2, NULL, NULL, NULL, 3),
	(315, 29, 2, NULL, NULL, NULL, 3),
	(316, 32, 2, NULL, NULL, NULL, 3),
	(317, 39, 2, NULL, NULL, NULL, 3),
	(318, 34, 2, NULL, NULL, NULL, 4),
	(319, 22, 2, NULL, NULL, NULL, 4),
	(320, 28, 2, NULL, NULL, NULL, 4),
	(321, 22, 2, NULL, NULL, NULL, 4),
	(322, 21, 2, NULL, NULL, NULL, 4),
	(323, 36, 2, NULL, NULL, NULL, 4),
	(324, 31, 2, NULL, NULL, NULL, 4),
	(325, 35, 2, NULL, NULL, NULL, 4),
	(326, 38, 2, NULL, NULL, NULL, 4),
	(327, 24, 2, NULL, NULL, NULL, 4),
	(328, 29, 2, NULL, NULL, NULL, 4),
	(329, 32, 2, NULL, NULL, NULL, 4),
	(330, 39, 2, NULL, NULL, NULL, 4),
	(331, 34, 2, NULL, NULL, NULL, 5),
	(332, 22, 2, NULL, NULL, NULL, 5),
	(333, 28, 2, NULL, NULL, NULL, 5),
	(334, 22, 2, NULL, NULL, NULL, 5),
	(335, 21, 2, NULL, NULL, NULL, 5),
	(336, 36, 2, NULL, NULL, NULL, 5),
	(337, 31, 2, NULL, NULL, NULL, 5),
	(338, 35, 2, NULL, NULL, NULL, 5),
	(339, 38, 2, NULL, NULL, NULL, 5),
	(340, 24, 2, NULL, NULL, NULL, 5),
	(341, 29, 2, NULL, NULL, NULL, 5),
	(342, 32, 2, NULL, NULL, NULL, 5),
	(343, 39, 2, NULL, NULL, NULL, 5),
	(344, 34, 2, NULL, NULL, NULL, 6),
	(345, 22, 2, NULL, NULL, NULL, 6),
	(346, 28, 2, NULL, NULL, NULL, 6),
	(347, 22, 2, NULL, NULL, NULL, 6),
	(348, 21, 2, NULL, NULL, NULL, 6),
	(349, 36, 2, NULL, NULL, NULL, 6),
	(350, 31, 2, NULL, NULL, NULL, 6),
	(351, 35, 2, NULL, NULL, NULL, 6),
	(352, 38, 2, NULL, NULL, NULL, 6),
	(353, 24, 2, NULL, NULL, NULL, 6),
	(354, 29, 2, NULL, NULL, NULL, 6),
	(355, 32, 2, NULL, NULL, NULL, 6),
	(356, 39, 2, NULL, NULL, NULL, 6),
	(357, 34, 2, NULL, NULL, NULL, 7),
	(358, 22, 2, NULL, NULL, NULL, 7),
	(359, 28, 2, NULL, NULL, NULL, 7),
	(360, 22, 2, NULL, NULL, NULL, 7),
	(361, 21, 2, NULL, NULL, NULL, 7),
	(362, 36, 2, NULL, NULL, NULL, 7),
	(363, 31, 2, NULL, NULL, NULL, 7),
	(364, 35, 2, NULL, NULL, NULL, 7),
	(365, 38, 2, NULL, NULL, NULL, 7),
	(366, 24, 2, NULL, NULL, NULL, 7),
	(367, 29, 2, NULL, NULL, NULL, 7),
	(368, 39, 2, NULL, NULL, NULL, 7),
	(369, 30, 2, NULL, NULL, NULL, 2),
	(370, 30, 2, NULL, NULL, NULL, 3),
	(371, 30, 2, NULL, NULL, NULL, 4),
	(372, 25, 2, NULL, NULL, NULL, 4),
	(373, 37, 2, NULL, NULL, NULL, 5),
	(374, 27, 2, NULL, NULL, NULL, 5),
	(375, 33, 2, NULL, NULL, NULL, 7),
	(376, 26, 2, NULL, NULL, NULL, 7),
	(377, 34, 2, NULL, NULL, NULL, 1),
	(378, 22, 2, NULL, NULL, NULL, 1),
	(379, 28, 2, NULL, NULL, NULL, 1),
	(380, 22, 2, NULL, NULL, NULL, 1),
	(381, 21, 2, NULL, NULL, NULL, 1),
	(382, 36, 2, NULL, NULL, NULL, 1),
	(383, 31, 2, NULL, NULL, NULL, 1),
	(384, 35, 2, NULL, NULL, NULL, 1),
	(385, 38, 2, NULL, NULL, NULL, 1),
	(386, 24, 3, NULL, NULL, NULL, 1),
	(387, 29, 3, NULL, NULL, NULL, 1),
	(388, 32, 3, NULL, NULL, NULL, 1),
	(389, 39, 3, NULL, NULL, NULL, 1),
	(390, 34, 3, NULL, NULL, NULL, 2),
	(391, 22, 3, NULL, NULL, NULL, 2),
	(392, 28, 3, NULL, NULL, NULL, 2),
	(393, 22, 3, NULL, NULL, NULL, 2),
	(394, 21, 3, NULL, NULL, NULL, 2),
	(395, 36, 3, NULL, NULL, NULL, 2),
	(396, 31, 3, NULL, NULL, NULL, 2),
	(397, 35, 3, NULL, NULL, NULL, 2),
	(398, 38, 3, NULL, NULL, NULL, 2),
	(399, 24, 3, NULL, NULL, NULL, 2),
	(400, 29, 3, NULL, NULL, NULL, 2),
	(401, 32, 3, NULL, NULL, NULL, 2),
	(402, 39, 3, NULL, NULL, NULL, 2),
	(403, 34, 3, NULL, NULL, NULL, 3),
	(404, 22, 3, NULL, NULL, NULL, 3),
	(405, 28, 3, NULL, NULL, NULL, 3),
	(406, 22, 3, NULL, NULL, NULL, 3),
	(407, 21, 3, NULL, NULL, NULL, 3),
	(408, 36, 3, NULL, NULL, NULL, 3),
	(409, 31, 3, NULL, NULL, NULL, 3),
	(410, 35, 3, NULL, NULL, NULL, 3),
	(411, 38, 3, NULL, NULL, NULL, 3),
	(412, 24, 3, NULL, NULL, NULL, 3),
	(413, 29, 3, NULL, NULL, NULL, 3),
	(414, 32, 3, NULL, NULL, NULL, 3),
	(415, 39, 3, NULL, NULL, NULL, 3),
	(416, 34, 3, NULL, NULL, NULL, 4),
	(417, 22, 3, NULL, NULL, NULL, 4),
	(418, 28, 3, NULL, NULL, NULL, 4),
	(419, 22, 3, NULL, NULL, NULL, 4),
	(420, 21, 3, NULL, NULL, NULL, 4),
	(421, 36, 3, NULL, NULL, NULL, 4),
	(422, 31, 3, NULL, NULL, NULL, 4),
	(423, 35, 3, NULL, NULL, NULL, 4),
	(424, 38, 3, NULL, NULL, NULL, 4),
	(425, 24, 3, NULL, NULL, NULL, 4),
	(426, 29, 3, NULL, NULL, NULL, 4),
	(427, 32, 3, NULL, NULL, NULL, 4),
	(428, 39, 3, NULL, NULL, NULL, 4),
	(429, 34, 3, NULL, NULL, NULL, 5),
	(430, 22, 3, NULL, NULL, NULL, 5),
	(431, 28, 3, NULL, NULL, NULL, 5),
	(432, 22, 3, NULL, NULL, NULL, 5),
	(433, 21, 3, NULL, NULL, NULL, 5),
	(434, 36, 3, NULL, NULL, NULL, 5),
	(435, 31, 3, NULL, NULL, NULL, 5),
	(436, 35, 3, NULL, NULL, NULL, 5),
	(437, 38, 3, NULL, NULL, NULL, 5),
	(438, 24, 3, NULL, NULL, NULL, 5),
	(439, 29, 3, NULL, NULL, NULL, 5),
	(440, 32, 3, NULL, NULL, NULL, 5),
	(441, 39, 3, NULL, NULL, NULL, 5),
	(442, 34, 3, NULL, NULL, NULL, 6),
	(443, 22, 3, NULL, NULL, NULL, 6),
	(444, 28, 3, NULL, NULL, NULL, 6),
	(445, 22, 3, NULL, NULL, NULL, 6),
	(446, 21, 3, NULL, NULL, NULL, 6),
	(447, 36, 3, NULL, NULL, NULL, 6),
	(448, 31, 3, NULL, NULL, NULL, 6),
	(449, 35, 3, NULL, NULL, NULL, 6),
	(450, 38, 3, NULL, NULL, NULL, 6),
	(451, 24, 3, NULL, NULL, NULL, 6),
	(452, 29, 3, NULL, NULL, NULL, 6),
	(453, 32, 3, NULL, NULL, NULL, 6),
	(454, 39, 3, NULL, NULL, NULL, 6),
	(455, 34, 3, NULL, NULL, NULL, 7),
	(456, 22, 3, NULL, NULL, NULL, 7),
	(457, 28, 3, NULL, NULL, NULL, 7),
	(458, 22, 3, NULL, NULL, NULL, 7),
	(459, 21, 3, NULL, NULL, NULL, 7),
	(460, 36, 3, NULL, NULL, NULL, 7),
	(461, 31, 3, NULL, NULL, NULL, 7),
	(462, 35, 3, NULL, NULL, NULL, 7),
	(463, 38, 3, NULL, NULL, NULL, 7),
	(464, 24, 3, NULL, NULL, NULL, 7),
	(465, 29, 3, NULL, NULL, NULL, 7),
	(466, 39, 3, NULL, NULL, NULL, 7),
	(467, 30, 3, NULL, NULL, NULL, 2),
	(468, 30, 3, NULL, NULL, NULL, 3),
	(469, 30, 3, NULL, NULL, NULL, 4),
	(470, 25, 3, NULL, NULL, NULL, 4),
	(471, 37, 3, NULL, NULL, NULL, 5),
	(472, 27, 3, NULL, NULL, NULL, 5),
	(473, 33, 3, NULL, NULL, NULL, 7),
	(474, 26, 3, NULL, NULL, NULL, 7),
	(475, 34, 3, NULL, NULL, NULL, 1),
	(476, 22, 3, NULL, NULL, NULL, 1),
	(477, 28, 3, NULL, NULL, NULL, 1),
	(478, 22, 3, NULL, NULL, NULL, 1),
	(479, 21, 3, NULL, NULL, NULL, 1),
	(480, 36, 3, NULL, NULL, NULL, 1),
	(481, 31, 3, NULL, NULL, NULL, 1),
	(482, 35, 3, NULL, NULL, NULL, 1),
	(483, 38, 3, NULL, NULL, NULL, 1),
	(484, 24, 4, NULL, NULL, NULL, 1),
	(485, 29, 4, NULL, NULL, NULL, 1),
	(486, 32, 4, NULL, NULL, NULL, 1),
	(487, 39, 4, NULL, NULL, NULL, 1),
	(488, 34, 4, NULL, NULL, NULL, 2),
	(489, 22, 4, NULL, NULL, NULL, 2),
	(490, 28, 4, NULL, NULL, NULL, 2),
	(491, 22, 4, 12, NULL, NULL, 2),
	(492, 21, 4, 7, NULL, NULL, 2),
	(493, 36, 4, NULL, NULL, NULL, 2),
	(494, 31, 4, NULL, NULL, NULL, 2),
	(495, 35, 4, NULL, NULL, NULL, 2),
	(496, 38, 4, NULL, NULL, NULL, 2),
	(497, 24, 4, NULL, NULL, NULL, 2),
	(498, 29, 4, NULL, NULL, NULL, 2),
	(499, 32, 4, NULL, NULL, NULL, 2),
	(500, 39, 4, NULL, NULL, NULL, 2),
	(501, 34, 4, NULL, NULL, NULL, 3),
	(502, 22, 4, NULL, NULL, NULL, 3),
	(503, 28, 4, NULL, NULL, NULL, 3),
	(504, 22, 4, NULL, NULL, NULL, 3),
	(505, 21, 4, NULL, NULL, NULL, 3),
	(506, 36, 4, NULL, NULL, NULL, 3),
	(507, 31, 4, NULL, NULL, NULL, 3),
	(508, 35, 4, NULL, NULL, NULL, 3),
	(509, 38, 4, NULL, NULL, NULL, 3),
	(510, 24, 4, NULL, NULL, NULL, 3),
	(511, 29, 4, NULL, NULL, NULL, 3),
	(512, 32, 4, NULL, NULL, NULL, 3),
	(513, 39, 4, NULL, NULL, NULL, 3),
	(514, 34, 4, NULL, NULL, NULL, 4),
	(515, 22, 4, NULL, NULL, NULL, 4),
	(516, 28, 4, NULL, NULL, NULL, 4),
	(517, 22, 4, NULL, NULL, NULL, 4),
	(518, 21, 4, NULL, NULL, NULL, 4),
	(519, 36, 4, NULL, NULL, NULL, 4),
	(520, 31, 4, NULL, NULL, NULL, 4),
	(521, 35, 4, NULL, NULL, NULL, 4),
	(522, 38, 4, NULL, NULL, NULL, 4),
	(523, 24, 4, NULL, NULL, NULL, 4),
	(524, 29, 4, NULL, NULL, NULL, 4),
	(525, 32, 4, NULL, NULL, NULL, 4),
	(526, 39, 4, NULL, NULL, NULL, 4),
	(527, 34, 4, NULL, NULL, NULL, 5),
	(528, 22, 4, NULL, NULL, NULL, 5),
	(529, 28, 4, NULL, NULL, NULL, 5),
	(530, 22, 4, NULL, NULL, NULL, 5),
	(531, 21, 4, NULL, NULL, NULL, 5),
	(532, 36, 4, NULL, NULL, NULL, 5),
	(533, 31, 4, 8, NULL, NULL, 5),
	(534, 35, 4, NULL, NULL, NULL, 5),
	(535, 38, 4, NULL, NULL, NULL, 5),
	(536, 24, 4, 11, NULL, NULL, 5),
	(537, 29, 4, NULL, NULL, NULL, 5),
	(538, 32, 4, NULL, NULL, NULL, 5),
	(539, 39, 4, NULL, NULL, NULL, 5),
	(540, 34, 4, NULL, NULL, NULL, 6),
	(541, 22, 4, NULL, NULL, NULL, 6),
	(542, 28, 4, NULL, NULL, NULL, 6),
	(543, 22, 4, NULL, NULL, NULL, 6),
	(544, 21, 4, NULL, NULL, NULL, 6),
	(545, 36, 4, NULL, NULL, NULL, 6),
	(546, 31, 4, NULL, NULL, NULL, 6),
	(547, 35, 4, NULL, NULL, NULL, 6),
	(548, 38, 4, NULL, NULL, NULL, 6),
	(549, 24, 4, NULL, NULL, NULL, 6),
	(550, 29, 4, NULL, NULL, NULL, 6),
	(551, 32, 4, NULL, NULL, NULL, 6),
	(552, 39, 4, NULL, NULL, NULL, 6),
	(553, 34, 4, NULL, NULL, NULL, 7),
	(554, 22, 4, 8, NULL, NULL, 7),
	(555, 28, 4, NULL, NULL, NULL, 7),
	(556, 22, 4, NULL, NULL, NULL, 7),
	(557, 21, 4, NULL, NULL, NULL, 7),
	(558, 36, 4, NULL, NULL, NULL, 7),
	(559, 31, 4, NULL, NULL, NULL, 7),
	(560, 35, 4, NULL, NULL, NULL, 7),
	(561, 38, 4, NULL, NULL, NULL, 7),
	(562, 24, 4, NULL, NULL, NULL, 7),
	(563, 29, 4, NULL, NULL, NULL, 7),
	(564, 39, 4, NULL, NULL, NULL, 7),
	(565, 30, 4, NULL, NULL, NULL, 2),
	(566, 30, 4, NULL, NULL, NULL, 3),
	(567, 30, 4, NULL, NULL, NULL, 4),
	(568, 25, 4, NULL, NULL, NULL, 4),
	(569, 37, 4, NULL, NULL, NULL, 5),
	(570, 27, 4, NULL, NULL, NULL, 5),
	(571, 33, 4, NULL, NULL, NULL, 7),
	(572, 26, 4, NULL, NULL, NULL, 7),
	(573, 34, 4, 10, NULL, NULL, 1),
	(574, 22, 4, NULL, NULL, NULL, 1),
	(575, 28, 4, NULL, NULL, NULL, 1),
	(576, 22, 4, NULL, NULL, NULL, 1),
	(577, 21, 4, NULL, NULL, NULL, 1),
	(578, 36, 4, NULL, NULL, NULL, 1),
	(579, 31, 4, NULL, NULL, NULL, 1),
	(580, 35, 4, NULL, NULL, NULL, 1),
	(581, 38, 4, NULL, NULL, NULL, 1),
	(582, 24, 5, NULL, NULL, NULL, 1),
	(583, 29, 5, NULL, NULL, NULL, 1),
	(584, 32, 5, NULL, NULL, NULL, 1),
	(585, 39, 5, NULL, NULL, NULL, 1),
	(586, 34, 5, NULL, NULL, NULL, 2),
	(587, 22, 5, NULL, NULL, NULL, 2),
	(588, 28, 5, NULL, NULL, NULL, 2),
	(589, 22, 5, NULL, NULL, NULL, 2),
	(590, 21, 5, NULL, NULL, NULL, 2),
	(591, 36, 5, NULL, NULL, NULL, 2),
	(592, 31, 5, NULL, NULL, NULL, 2),
	(593, 35, 5, NULL, NULL, NULL, 2),
	(594, 38, 5, NULL, NULL, NULL, 2),
	(595, 24, 5, NULL, NULL, NULL, 2),
	(596, 29, 5, NULL, NULL, NULL, 2),
	(597, 32, 5, NULL, NULL, NULL, 2),
	(598, 39, 5, NULL, NULL, NULL, 2),
	(599, 34, 5, NULL, NULL, NULL, 3),
	(600, 22, 5, NULL, NULL, NULL, 3),
	(601, 28, 5, NULL, NULL, NULL, 3),
	(602, 22, 5, NULL, NULL, NULL, 3),
	(603, 21, 5, NULL, NULL, NULL, 3),
	(604, 36, 5, NULL, NULL, NULL, 3),
	(605, 31, 5, NULL, NULL, NULL, 3),
	(606, 35, 5, NULL, NULL, NULL, 3),
	(607, 38, 5, NULL, NULL, NULL, 3),
	(608, 24, 5, NULL, NULL, NULL, 3),
	(609, 29, 5, NULL, NULL, NULL, 3),
	(610, 32, 5, NULL, NULL, NULL, 3),
	(611, 39, 5, NULL, NULL, NULL, 3),
	(612, 34, 5, NULL, NULL, NULL, 4),
	(613, 22, 5, NULL, NULL, NULL, 4),
	(614, 28, 5, NULL, NULL, NULL, 4),
	(615, 22, 5, NULL, NULL, NULL, 4),
	(616, 21, 5, NULL, NULL, NULL, 4),
	(617, 36, 5, NULL, NULL, NULL, 4),
	(618, 31, 5, NULL, NULL, NULL, 4),
	(619, 35, 5, NULL, NULL, NULL, 4),
	(620, 38, 5, NULL, NULL, NULL, 4),
	(621, 24, 5, NULL, NULL, NULL, 4),
	(622, 29, 5, NULL, NULL, NULL, 4),
	(623, 32, 5, NULL, NULL, NULL, 4),
	(624, 39, 5, NULL, NULL, NULL, 4),
	(625, 34, 5, NULL, NULL, NULL, 5),
	(626, 22, 5, NULL, NULL, NULL, 5),
	(627, 28, 5, NULL, NULL, NULL, 5),
	(628, 22, 5, NULL, NULL, NULL, 5),
	(629, 21, 5, NULL, NULL, NULL, 5),
	(630, 36, 5, NULL, NULL, NULL, 5),
	(631, 31, 5, NULL, NULL, NULL, 5),
	(632, 35, 5, NULL, NULL, NULL, 5),
	(633, 38, 5, NULL, NULL, NULL, 5),
	(634, 24, 5, NULL, NULL, NULL, 5),
	(635, 29, 5, NULL, NULL, NULL, 5),
	(636, 32, 5, NULL, NULL, NULL, 5),
	(637, 39, 5, NULL, NULL, NULL, 5),
	(638, 34, 5, NULL, NULL, NULL, 6),
	(639, 22, 5, NULL, NULL, NULL, 6),
	(640, 28, 5, NULL, NULL, NULL, 6),
	(641, 22, 5, NULL, NULL, NULL, 6),
	(642, 21, 5, NULL, NULL, NULL, 6),
	(643, 36, 5, NULL, NULL, NULL, 6),
	(644, 31, 5, NULL, NULL, NULL, 6),
	(645, 35, 5, NULL, NULL, NULL, 6),
	(646, 38, 5, NULL, NULL, NULL, 6),
	(647, 24, 5, NULL, NULL, NULL, 6),
	(648, 29, 5, NULL, NULL, NULL, 6),
	(649, 32, 5, NULL, NULL, NULL, 6),
	(650, 39, 5, NULL, NULL, NULL, 6),
	(651, 34, 5, NULL, NULL, NULL, 7),
	(652, 22, 5, NULL, NULL, NULL, 7),
	(653, 28, 5, NULL, NULL, NULL, 7),
	(654, 22, 5, NULL, NULL, NULL, 7),
	(655, 21, 5, NULL, NULL, NULL, 7),
	(656, 36, 5, NULL, NULL, NULL, 7),
	(657, 31, 5, NULL, NULL, NULL, 7),
	(658, 35, 5, NULL, NULL, NULL, 7),
	(659, 38, 5, NULL, NULL, NULL, 7),
	(660, 24, 5, NULL, NULL, NULL, 7),
	(661, 29, 5, NULL, NULL, NULL, 7),
	(662, 39, 5, NULL, NULL, NULL, 7),
	(663, 30, 5, NULL, NULL, NULL, 2),
	(664, 30, 5, NULL, NULL, NULL, 3),
	(665, 30, 5, NULL, NULL, NULL, 4),
	(666, 25, 5, NULL, NULL, NULL, 4),
	(667, 37, 5, NULL, NULL, NULL, 5),
	(668, 27, 5, NULL, NULL, NULL, 5),
	(669, 33, 5, NULL, NULL, NULL, 7),
	(670, 26, 5, NULL, NULL, NULL, 7),
	(671, 34, 5, NULL, NULL, NULL, 1),
	(672, 22, 5, NULL, NULL, NULL, 1),
	(673, 28, 5, NULL, NULL, NULL, 1),
	(674, 22, 5, NULL, NULL, NULL, 1),
	(675, 21, 5, NULL, NULL, NULL, 1),
	(676, 36, 5, NULL, NULL, NULL, 1),
	(677, 31, 5, NULL, NULL, NULL, 1),
	(678, 35, 5, NULL, NULL, NULL, 1),
	(679, 38, 5, NULL, NULL, NULL, 1),
	(680, 24, 6, NULL, NULL, NULL, 1),
	(681, 29, 6, NULL, NULL, NULL, 1),
	(682, 32, 6, NULL, NULL, NULL, 1),
	(683, 39, 6, NULL, NULL, NULL, 1),
	(684, 34, 6, NULL, NULL, NULL, 2),
	(685, 22, 6, NULL, NULL, NULL, 2),
	(686, 28, 6, NULL, NULL, NULL, 2),
	(687, 22, 6, NULL, NULL, NULL, 2),
	(688, 21, 6, NULL, NULL, NULL, 2),
	(689, 36, 6, NULL, NULL, NULL, 2),
	(690, 31, 6, NULL, NULL, NULL, 2),
	(691, 35, 6, NULL, NULL, NULL, 2),
	(692, 38, 6, NULL, NULL, NULL, 2),
	(693, 24, 6, NULL, NULL, NULL, 2),
	(694, 29, 6, NULL, NULL, NULL, 2),
	(695, 32, 6, NULL, NULL, NULL, 2),
	(696, 39, 6, NULL, NULL, NULL, 2),
	(697, 34, 6, NULL, NULL, NULL, 3),
	(698, 22, 6, NULL, NULL, NULL, 3),
	(699, 28, 6, NULL, NULL, NULL, 3),
	(700, 22, 6, NULL, NULL, NULL, 3),
	(701, 21, 6, NULL, NULL, NULL, 3),
	(702, 36, 6, NULL, NULL, NULL, 3),
	(703, 31, 6, NULL, NULL, NULL, 3),
	(704, 35, 6, NULL, NULL, NULL, 3),
	(705, 38, 6, NULL, NULL, NULL, 3),
	(706, 24, 6, NULL, NULL, NULL, 3),
	(707, 29, 6, NULL, NULL, NULL, 3),
	(708, 32, 6, NULL, NULL, NULL, 3),
	(709, 39, 6, NULL, NULL, NULL, 3),
	(710, 34, 6, NULL, NULL, NULL, 4),
	(711, 22, 6, NULL, NULL, NULL, 4),
	(712, 28, 6, NULL, NULL, NULL, 4),
	(713, 22, 6, NULL, NULL, NULL, 4),
	(714, 21, 6, NULL, NULL, NULL, 4),
	(715, 36, 6, NULL, NULL, NULL, 4),
	(716, 31, 6, NULL, NULL, NULL, 4),
	(717, 35, 6, NULL, NULL, NULL, 4),
	(718, 38, 6, NULL, NULL, NULL, 4),
	(719, 24, 6, NULL, NULL, NULL, 4),
	(720, 29, 6, NULL, NULL, NULL, 4),
	(721, 32, 6, NULL, NULL, NULL, 4),
	(722, 39, 6, NULL, NULL, NULL, 4),
	(723, 34, 6, NULL, NULL, NULL, 5),
	(724, 22, 6, NULL, NULL, NULL, 5),
	(725, 28, 6, NULL, NULL, NULL, 5),
	(726, 22, 6, NULL, NULL, NULL, 5),
	(727, 21, 6, NULL, NULL, NULL, 5),
	(728, 36, 6, NULL, NULL, NULL, 5),
	(729, 31, 6, NULL, NULL, NULL, 5),
	(730, 35, 6, NULL, NULL, NULL, 5),
	(731, 38, 6, NULL, NULL, NULL, 5),
	(732, 24, 6, NULL, NULL, NULL, 5),
	(733, 29, 6, NULL, NULL, NULL, 5),
	(734, 32, 6, NULL, NULL, NULL, 5),
	(735, 39, 6, NULL, NULL, NULL, 5),
	(736, 34, 6, NULL, NULL, NULL, 6),
	(737, 22, 6, NULL, NULL, NULL, 6),
	(738, 28, 6, NULL, NULL, NULL, 6),
	(739, 22, 6, NULL, NULL, NULL, 6),
	(740, 21, 6, NULL, NULL, NULL, 6),
	(741, 36, 6, NULL, NULL, NULL, 6),
	(742, 31, 6, NULL, NULL, NULL, 6),
	(743, 35, 6, NULL, NULL, NULL, 6),
	(744, 38, 6, NULL, NULL, NULL, 6),
	(745, 24, 6, NULL, NULL, NULL, 6),
	(746, 29, 6, NULL, NULL, NULL, 6),
	(747, 32, 6, NULL, NULL, NULL, 6),
	(748, 39, 6, NULL, NULL, NULL, 6),
	(749, 34, 6, NULL, NULL, NULL, 7),
	(750, 22, 6, NULL, NULL, NULL, 7),
	(751, 28, 6, NULL, NULL, NULL, 7),
	(752, 22, 6, NULL, NULL, NULL, 7),
	(753, 21, 6, NULL, NULL, NULL, 7),
	(754, 36, 6, NULL, NULL, NULL, 7),
	(755, 31, 6, NULL, NULL, NULL, 7),
	(756, 35, 6, NULL, NULL, NULL, 7),
	(757, 38, 6, NULL, NULL, NULL, 7),
	(758, 24, 6, NULL, NULL, NULL, 7),
	(759, 29, 6, NULL, NULL, NULL, 7),
	(760, 39, 6, NULL, NULL, NULL, 7),
	(761, 30, 6, NULL, NULL, NULL, 2),
	(762, 30, 6, NULL, NULL, NULL, 3),
	(763, 30, 6, NULL, NULL, NULL, 4),
	(764, 25, 6, NULL, NULL, NULL, 4),
	(765, 37, 6, NULL, NULL, NULL, 5),
	(766, 27, 6, NULL, NULL, NULL, 5),
	(767, 33, 6, NULL, NULL, NULL, 7),
	(768, 26, 6, NULL, NULL, NULL, 7),
	(769, 34, 6, NULL, NULL, NULL, 1),
	(770, 22, 6, NULL, NULL, NULL, 1),
	(771, 28, 6, NULL, NULL, NULL, 1),
	(772, 22, 6, NULL, NULL, NULL, 1),
	(773, 21, 6, NULL, NULL, NULL, 1),
	(774, 36, 6, NULL, NULL, NULL, 1),
	(775, 31, 6, NULL, NULL, NULL, 1),
	(776, 35, 6, NULL, NULL, NULL, 1),
	(777, 38, 6, NULL, NULL, NULL, 1),
	(778, 24, 7, NULL, NULL, NULL, 1),
	(779, 29, 7, NULL, NULL, NULL, 1),
	(780, 32, 7, NULL, NULL, NULL, 1),
	(781, 39, 7, NULL, NULL, NULL, 1),
	(782, 34, 7, NULL, NULL, NULL, 2),
	(783, 22, 7, NULL, NULL, NULL, 2),
	(784, 28, 7, NULL, NULL, NULL, 2),
	(785, 22, 7, NULL, NULL, NULL, 2),
	(786, 21, 7, NULL, NULL, NULL, 2),
	(787, 36, 7, NULL, NULL, NULL, 2),
	(788, 31, 7, NULL, NULL, NULL, 2),
	(789, 35, 7, NULL, NULL, NULL, 2),
	(790, 38, 7, NULL, NULL, NULL, 2),
	(791, 24, 7, NULL, NULL, NULL, 2),
	(792, 29, 7, NULL, NULL, NULL, 2),
	(793, 32, 7, NULL, NULL, NULL, 2),
	(794, 39, 7, NULL, NULL, NULL, 2),
	(795, 34, 7, NULL, NULL, NULL, 3),
	(796, 22, 7, NULL, NULL, NULL, 3),
	(797, 28, 7, NULL, NULL, NULL, 3),
	(798, 22, 7, NULL, NULL, NULL, 3),
	(799, 21, 7, NULL, NULL, NULL, 3),
	(800, 36, 7, NULL, NULL, NULL, 3),
	(801, 31, 7, NULL, NULL, NULL, 3),
	(802, 35, 7, NULL, NULL, NULL, 3),
	(803, 38, 7, NULL, NULL, NULL, 3),
	(804, 24, 7, NULL, NULL, NULL, 3),
	(805, 29, 7, NULL, NULL, NULL, 3),
	(806, 32, 7, NULL, NULL, NULL, 3),
	(807, 39, 7, NULL, NULL, NULL, 3),
	(808, 34, 7, NULL, NULL, NULL, 4),
	(809, 22, 7, NULL, NULL, NULL, 4),
	(810, 28, 7, NULL, NULL, NULL, 4),
	(811, 22, 7, NULL, NULL, NULL, 4),
	(812, 21, 7, NULL, NULL, NULL, 4),
	(813, 36, 7, NULL, NULL, NULL, 4),
	(814, 31, 7, NULL, NULL, NULL, 4),
	(815, 35, 7, NULL, NULL, NULL, 4),
	(816, 38, 7, NULL, NULL, NULL, 4),
	(817, 24, 7, NULL, NULL, NULL, 4),
	(818, 29, 7, NULL, NULL, NULL, 4),
	(819, 32, 7, NULL, NULL, NULL, 4),
	(820, 39, 7, NULL, NULL, NULL, 4),
	(821, 34, 7, NULL, NULL, NULL, 5),
	(822, 22, 7, NULL, NULL, NULL, 5),
	(823, 28, 7, NULL, NULL, NULL, 5),
	(824, 22, 7, NULL, NULL, NULL, 5),
	(825, 21, 7, NULL, NULL, NULL, 5),
	(826, 36, 7, NULL, NULL, NULL, 5),
	(827, 31, 7, NULL, NULL, NULL, 5),
	(828, 35, 7, NULL, NULL, NULL, 5),
	(829, 38, 7, NULL, NULL, NULL, 5),
	(830, 24, 7, NULL, NULL, NULL, 5),
	(831, 29, 7, NULL, NULL, NULL, 5),
	(832, 32, 7, NULL, NULL, NULL, 5),
	(833, 39, 7, NULL, NULL, NULL, 5),
	(834, 34, 7, NULL, NULL, NULL, 6),
	(835, 22, 7, NULL, NULL, NULL, 6),
	(836, 28, 7, NULL, NULL, NULL, 6),
	(837, 22, 7, NULL, NULL, NULL, 6),
	(838, 21, 7, NULL, NULL, NULL, 6),
	(839, 36, 7, NULL, NULL, NULL, 6),
	(840, 31, 7, NULL, NULL, NULL, 6),
	(841, 35, 7, NULL, NULL, NULL, 6),
	(842, 38, 7, NULL, NULL, NULL, 6),
	(843, 24, 7, NULL, NULL, NULL, 6),
	(844, 29, 7, NULL, NULL, NULL, 6),
	(845, 32, 7, NULL, NULL, NULL, 6),
	(846, 39, 7, NULL, NULL, NULL, 6),
	(847, 34, 7, NULL, NULL, NULL, 7),
	(848, 22, 7, NULL, NULL, NULL, 7),
	(849, 28, 7, NULL, NULL, NULL, 7),
	(850, 22, 7, NULL, NULL, NULL, 7),
	(851, 21, 7, NULL, NULL, NULL, 7),
	(852, 36, 7, NULL, NULL, NULL, 7),
	(853, 31, 7, NULL, NULL, NULL, 7),
	(854, 35, 7, NULL, NULL, NULL, 7),
	(855, 38, 7, NULL, NULL, NULL, 7),
	(856, 24, 7, NULL, NULL, NULL, 7),
	(857, 29, 7, NULL, NULL, NULL, 7),
	(858, 39, 7, NULL, NULL, NULL, 7),
	(859, 30, 7, NULL, NULL, NULL, 2),
	(860, 30, 7, NULL, NULL, NULL, 3),
	(861, 30, 7, NULL, NULL, NULL, 4),
	(862, 25, 7, NULL, NULL, NULL, 4),
	(863, 37, 7, NULL, NULL, NULL, 5),
	(864, 27, 7, NULL, NULL, NULL, 5),
	(865, 33, 7, NULL, NULL, NULL, 7),
	(866, 26, 7, NULL, NULL, NULL, 7),
	(867, 34, 7, NULL, NULL, NULL, 1),
	(868, 22, 7, NULL, NULL, NULL, 1),
	(869, 28, 7, NULL, NULL, NULL, 1),
	(870, 22, 7, NULL, NULL, NULL, 1),
	(871, 21, 7, NULL, NULL, NULL, 1),
	(872, 36, 7, NULL, NULL, NULL, 1),
	(873, 31, 7, NULL, NULL, NULL, 1),
	(874, 35, 7, NULL, NULL, NULL, 1),
	(875, 38, 7, NULL, NULL, NULL, 1),
	(876, 24, 8, NULL, NULL, NULL, 1),
	(877, 29, 8, NULL, NULL, NULL, 1),
	(878, 32, 8, NULL, NULL, NULL, 1),
	(879, 39, 8, NULL, NULL, NULL, 1),
	(880, 34, 8, NULL, NULL, NULL, 2),
	(881, 22, 8, NULL, NULL, NULL, 2),
	(882, 28, 8, NULL, NULL, NULL, 2),
	(883, 22, 8, NULL, NULL, NULL, 2),
	(884, 21, 8, NULL, NULL, NULL, 2),
	(885, 36, 8, NULL, NULL, NULL, 2),
	(886, 31, 8, NULL, NULL, NULL, 2),
	(887, 35, 8, NULL, NULL, NULL, 2),
	(888, 38, 8, NULL, NULL, NULL, 2),
	(889, 24, 8, NULL, NULL, NULL, 2),
	(890, 29, 8, NULL, NULL, NULL, 2),
	(891, 32, 8, NULL, NULL, NULL, 2),
	(892, 39, 8, NULL, NULL, NULL, 2),
	(893, 34, 8, NULL, NULL, NULL, 3),
	(894, 22, 8, NULL, NULL, NULL, 3),
	(895, 28, 8, NULL, NULL, NULL, 3),
	(896, 22, 8, NULL, NULL, NULL, 3),
	(897, 21, 8, NULL, NULL, NULL, 3),
	(898, 36, 8, NULL, NULL, NULL, 3),
	(899, 31, 8, NULL, NULL, NULL, 3),
	(900, 35, 8, NULL, NULL, NULL, 3),
	(901, 38, 8, NULL, NULL, NULL, 3),
	(902, 24, 8, NULL, NULL, NULL, 3),
	(903, 29, 8, NULL, NULL, NULL, 3),
	(904, 32, 8, NULL, NULL, NULL, 3),
	(905, 39, 8, NULL, NULL, NULL, 3),
	(906, 34, 8, NULL, NULL, NULL, 4),
	(907, 22, 8, NULL, NULL, NULL, 4),
	(908, 28, 8, NULL, NULL, NULL, 4),
	(909, 22, 8, NULL, NULL, NULL, 4),
	(910, 21, 8, NULL, NULL, NULL, 4),
	(911, 36, 8, NULL, NULL, NULL, 4),
	(912, 31, 8, NULL, NULL, NULL, 4),
	(913, 35, 8, NULL, NULL, NULL, 4),
	(914, 38, 8, NULL, NULL, NULL, 4),
	(915, 24, 8, NULL, NULL, NULL, 4),
	(916, 29, 8, NULL, NULL, NULL, 4),
	(917, 32, 8, NULL, NULL, NULL, 4),
	(918, 39, 8, NULL, NULL, NULL, 4),
	(919, 34, 8, NULL, NULL, NULL, 5),
	(920, 22, 8, NULL, NULL, NULL, 5),
	(921, 28, 8, NULL, NULL, NULL, 5),
	(922, 22, 8, NULL, NULL, NULL, 5),
	(923, 21, 8, NULL, NULL, NULL, 5),
	(924, 36, 8, NULL, NULL, NULL, 5),
	(925, 31, 8, NULL, NULL, NULL, 5),
	(926, 35, 8, NULL, NULL, NULL, 5),
	(927, 38, 8, NULL, NULL, NULL, 5),
	(928, 24, 8, NULL, NULL, NULL, 5),
	(929, 29, 8, NULL, NULL, NULL, 5),
	(930, 32, 8, NULL, NULL, NULL, 5),
	(931, 39, 8, NULL, NULL, NULL, 5),
	(932, 34, 8, NULL, NULL, NULL, 6),
	(933, 22, 8, NULL, NULL, NULL, 6),
	(934, 28, 8, NULL, NULL, NULL, 6),
	(935, 22, 8, NULL, NULL, NULL, 6),
	(936, 21, 8, NULL, NULL, NULL, 6),
	(937, 36, 8, NULL, NULL, NULL, 6),
	(938, 31, 8, NULL, NULL, NULL, 6),
	(939, 35, 8, NULL, NULL, NULL, 6),
	(940, 38, 8, NULL, NULL, NULL, 6),
	(941, 24, 8, NULL, NULL, NULL, 6),
	(942, 29, 8, NULL, NULL, NULL, 6),
	(943, 32, 8, NULL, NULL, NULL, 6),
	(944, 39, 8, NULL, NULL, NULL, 6),
	(945, 34, 8, NULL, NULL, NULL, 7),
	(946, 22, 8, NULL, NULL, NULL, 7),
	(947, 28, 8, NULL, NULL, NULL, 7),
	(948, 22, 8, NULL, NULL, NULL, 7),
	(949, 21, 8, NULL, NULL, NULL, 7),
	(950, 36, 8, NULL, NULL, NULL, 7),
	(951, 31, 8, NULL, NULL, NULL, 7),
	(952, 35, 8, NULL, NULL, NULL, 7),
	(953, 38, 8, NULL, NULL, NULL, 7),
	(954, 24, 8, NULL, NULL, NULL, 7),
	(955, 29, 8, NULL, NULL, NULL, 7),
	(956, 39, 8, NULL, NULL, NULL, 7),
	(957, 30, 8, NULL, NULL, NULL, 2),
	(958, 30, 8, NULL, NULL, NULL, 3),
	(959, 30, 8, NULL, NULL, NULL, 4),
	(960, 25, 8, NULL, NULL, NULL, 4),
	(961, 37, 8, NULL, NULL, NULL, 5),
	(962, 27, 8, NULL, NULL, NULL, 5),
	(963, 33, 8, NULL, NULL, NULL, 7),
	(964, 26, 8, NULL, NULL, NULL, 7),
	(965, 34, 8, NULL, NULL, NULL, 1),
	(966, 22, 8, NULL, NULL, NULL, 1),
	(967, 28, 8, NULL, NULL, NULL, 1),
	(968, 22, 8, NULL, NULL, NULL, 1),
	(969, 21, 8, NULL, NULL, NULL, 1),
	(970, 36, 8, NULL, NULL, NULL, 1),
	(971, 31, 8, NULL, NULL, NULL, 1),
	(972, 35, 8, NULL, NULL, NULL, 1),
	(973, 38, 8, NULL, NULL, NULL, 1),
	(974, 24, 9, NULL, NULL, NULL, 1),
	(975, 29, 9, NULL, NULL, NULL, 1),
	(976, 32, 9, NULL, NULL, NULL, 1),
	(977, 39, 9, NULL, NULL, NULL, 1),
	(978, 34, 9, NULL, NULL, NULL, 2),
	(979, 22, 9, 10, NULL, NULL, 2),
	(980, 28, 9, NULL, NULL, NULL, 2),
	(981, 22, 9, NULL, NULL, NULL, 2),
	(982, 21, 9, NULL, NULL, NULL, 2),
	(983, 36, 9, NULL, NULL, NULL, 2),
	(984, 31, 9, NULL, NULL, NULL, 2),
	(985, 35, 9, NULL, NULL, NULL, 2),
	(986, 38, 9, NULL, NULL, NULL, 2),
	(987, 24, 9, NULL, NULL, NULL, 2),
	(988, 29, 9, NULL, NULL, NULL, 2),
	(989, 32, 9, 3, NULL, NULL, 2),
	(990, 39, 9, NULL, NULL, NULL, 2),
	(991, 34, 9, NULL, NULL, NULL, 3),
	(992, 22, 9, NULL, NULL, NULL, 3),
	(993, 28, 9, NULL, NULL, NULL, 3),
	(994, 22, 9, NULL, NULL, NULL, 3),
	(995, 21, 9, NULL, NULL, NULL, 3),
	(996, 36, 9, NULL, NULL, NULL, 3),
	(997, 31, 9, NULL, NULL, NULL, 3),
	(998, 35, 9, 2, NULL, NULL, 3),
	(999, 38, 9, 6, NULL, NULL, 3),
	(1000, 24, 9, NULL, NULL, NULL, 3),
	(1001, 29, 9, NULL, NULL, NULL, 3),
	(1002, 32, 9, NULL, NULL, NULL, 3),
	(1003, 39, 9, NULL, NULL, NULL, 3),
	(1004, 34, 9, NULL, NULL, NULL, 4),
	(1005, 22, 9, NULL, NULL, NULL, 4),
	(1006, 28, 9, NULL, NULL, NULL, 4),
	(1007, 22, 9, NULL, NULL, NULL, 4),
	(1008, 21, 9, NULL, NULL, NULL, 4),
	(1009, 36, 9, NULL, NULL, NULL, 4),
	(1010, 31, 9, NULL, NULL, NULL, 4),
	(1011, 35, 9, NULL, NULL, NULL, 4),
	(1012, 38, 9, NULL, NULL, NULL, 4),
	(1013, 24, 9, NULL, NULL, NULL, 4),
	(1014, 29, 9, NULL, NULL, NULL, 4),
	(1015, 32, 9, NULL, NULL, NULL, 4),
	(1016, 39, 9, NULL, NULL, NULL, 4),
	(1017, 34, 9, NULL, NULL, NULL, 5),
	(1018, 22, 9, NULL, NULL, NULL, 5),
	(1019, 28, 9, NULL, NULL, NULL, 5),
	(1020, 22, 9, NULL, NULL, NULL, 5),
	(1021, 21, 9, NULL, NULL, NULL, 5),
	(1022, 36, 9, NULL, NULL, NULL, 5),
	(1023, 31, 9, NULL, NULL, NULL, 5),
	(1024, 35, 9, NULL, NULL, NULL, 5),
	(1025, 38, 9, 7, NULL, NULL, 5),
	(1026, 24, 9, NULL, NULL, NULL, 5),
	(1027, 29, 9, NULL, NULL, NULL, 5),
	(1028, 32, 9, NULL, NULL, NULL, 5),
	(1029, 39, 9, NULL, NULL, NULL, 5),
	(1030, 34, 9, NULL, NULL, NULL, 6),
	(1031, 22, 9, NULL, NULL, NULL, 6),
	(1032, 28, 9, NULL, NULL, NULL, 6),
	(1033, 22, 9, NULL, NULL, NULL, 6),
	(1034, 21, 9, NULL, NULL, NULL, 6),
	(1035, 36, 9, NULL, NULL, NULL, 6),
	(1036, 31, 9, NULL, NULL, NULL, 6),
	(1037, 35, 9, NULL, NULL, NULL, 6),
	(1038, 38, 9, NULL, NULL, NULL, 6),
	(1039, 24, 9, NULL, NULL, NULL, 6),
	(1040, 29, 9, NULL, NULL, NULL, 6),
	(1041, 32, 9, NULL, NULL, NULL, 6),
	(1042, 39, 9, NULL, NULL, NULL, 6),
	(1043, 34, 9, NULL, NULL, NULL, 7),
	(1044, 22, 9, NULL, NULL, NULL, 7),
	(1045, 28, 9, NULL, NULL, NULL, 7),
	(1046, 22, 9, NULL, NULL, NULL, 7),
	(1047, 21, 9, NULL, NULL, NULL, 7),
	(1048, 36, 9, NULL, NULL, NULL, 7),
	(1049, 31, 9, NULL, NULL, NULL, 7),
	(1050, 35, 9, 8, NULL, NULL, 7),
	(1051, 38, 9, NULL, NULL, NULL, 7),
	(1052, 24, 9, NULL, NULL, NULL, 7),
	(1053, 29, 9, 10, NULL, NULL, 7),
	(1054, 39, 9, NULL, NULL, NULL, 7),
	(1055, 30, 9, NULL, NULL, NULL, 2),
	(1056, 30, 9, 6, NULL, NULL, 3),
	(1057, 30, 9, 3, NULL, NULL, 4),
	(1058, 25, 9, NULL, NULL, NULL, 4),
	(1059, 37, 9, NULL, NULL, NULL, 5),
	(1060, 27, 9, NULL, NULL, NULL, 5),
	(1061, 33, 9, NULL, NULL, NULL, 7),
	(1062, 26, 9, 2, NULL, NULL, 7),
	(1063, 34, 9, NULL, NULL, NULL, 1),
	(1064, 22, 9, NULL, NULL, NULL, 1),
	(1065, 28, 9, NULL, NULL, NULL, 1),
	(1066, 22, 9, NULL, NULL, NULL, 1),
	(1067, 21, 9, NULL, NULL, NULL, 1),
	(1068, 36, 9, 8, NULL, NULL, 1),
	(1069, 31, 9, 1, NULL, NULL, 1),
	(1070, 35, 9, 9, NULL, NULL, 1),
	(1071, 38, 9, NULL, NULL, NULL, 1),
	(1072, 24, 10, NULL, NULL, NULL, 1),
	(1073, 29, 10, NULL, NULL, NULL, 1),
	(1074, 32, 10, NULL, NULL, NULL, 1),
	(1075, 39, 10, NULL, NULL, NULL, 1),
	(1076, 34, 10, NULL, NULL, NULL, 2),
	(1077, 22, 10, NULL, NULL, NULL, 2),
	(1078, 28, 10, NULL, NULL, NULL, 2),
	(1079, 22, 10, NULL, NULL, NULL, 2),
	(1080, 21, 10, NULL, NULL, NULL, 2),
	(1081, 36, 10, NULL, NULL, NULL, 2),
	(1082, 31, 10, NULL, NULL, NULL, 2),
	(1083, 35, 10, NULL, NULL, NULL, 2),
	(1084, 38, 10, NULL, NULL, NULL, 2),
	(1085, 24, 10, NULL, NULL, NULL, 2),
	(1086, 29, 10, NULL, NULL, NULL, 2),
	(1087, 32, 10, NULL, NULL, NULL, 2),
	(1088, 39, 10, NULL, NULL, NULL, 2),
	(1089, 34, 10, NULL, NULL, NULL, 3),
	(1090, 22, 10, NULL, NULL, NULL, 3),
	(1091, 28, 10, NULL, NULL, NULL, 3),
	(1092, 22, 10, NULL, NULL, NULL, 3),
	(1093, 21, 10, NULL, NULL, NULL, 3),
	(1094, 36, 10, NULL, NULL, NULL, 3),
	(1095, 31, 10, NULL, NULL, NULL, 3),
	(1096, 35, 10, NULL, NULL, NULL, 3),
	(1097, 38, 10, NULL, NULL, NULL, 3),
	(1098, 24, 10, NULL, NULL, NULL, 3),
	(1099, 29, 10, NULL, NULL, NULL, 3),
	(1100, 32, 10, NULL, NULL, NULL, 3),
	(1101, 39, 10, NULL, NULL, NULL, 3),
	(1102, 34, 10, NULL, NULL, NULL, 4),
	(1103, 22, 10, NULL, NULL, NULL, 4),
	(1104, 28, 10, NULL, NULL, NULL, 4),
	(1105, 22, 10, NULL, NULL, NULL, 4),
	(1106, 21, 10, NULL, NULL, NULL, 4),
	(1107, 36, 10, NULL, NULL, NULL, 4),
	(1108, 31, 10, NULL, NULL, NULL, 4),
	(1109, 35, 10, NULL, NULL, NULL, 4),
	(1110, 38, 10, NULL, NULL, NULL, 4),
	(1111, 24, 10, NULL, NULL, NULL, 4),
	(1112, 29, 10, NULL, NULL, NULL, 4),
	(1113, 32, 10, NULL, NULL, NULL, 4),
	(1114, 39, 10, NULL, NULL, NULL, 4),
	(1115, 34, 10, NULL, NULL, NULL, 5),
	(1116, 22, 10, NULL, NULL, NULL, 5),
	(1117, 28, 10, NULL, NULL, NULL, 5),
	(1118, 22, 10, NULL, NULL, NULL, 5),
	(1119, 21, 10, NULL, NULL, NULL, 5),
	(1120, 36, 10, NULL, NULL, NULL, 5),
	(1121, 31, 10, NULL, NULL, NULL, 5),
	(1122, 35, 10, NULL, NULL, NULL, 5),
	(1123, 38, 10, NULL, NULL, NULL, 5),
	(1124, 24, 10, NULL, NULL, NULL, 5),
	(1125, 29, 10, NULL, NULL, NULL, 5),
	(1126, 32, 10, NULL, NULL, NULL, 5),
	(1127, 39, 10, NULL, NULL, NULL, 5),
	(1128, 34, 10, NULL, NULL, NULL, 6),
	(1129, 22, 10, NULL, NULL, NULL, 6),
	(1130, 28, 10, NULL, NULL, NULL, 6),
	(1131, 22, 10, NULL, NULL, NULL, 6),
	(1132, 21, 10, NULL, NULL, NULL, 6),
	(1133, 36, 10, NULL, NULL, NULL, 6),
	(1134, 31, 10, NULL, NULL, NULL, 6),
	(1135, 35, 10, NULL, NULL, NULL, 6),
	(1136, 38, 10, NULL, NULL, NULL, 6),
	(1137, 24, 10, NULL, NULL, NULL, 6),
	(1138, 29, 10, NULL, NULL, NULL, 6),
	(1139, 32, 10, NULL, NULL, NULL, 6),
	(1140, 39, 10, NULL, NULL, NULL, 6),
	(1141, 34, 10, NULL, NULL, NULL, 7),
	(1142, 22, 10, NULL, NULL, NULL, 7),
	(1143, 28, 10, NULL, NULL, NULL, 7),
	(1144, 22, 10, NULL, NULL, NULL, 7),
	(1145, 21, 10, NULL, NULL, NULL, 7),
	(1146, 36, 10, NULL, NULL, NULL, 7),
	(1147, 31, 10, NULL, NULL, NULL, 7),
	(1148, 35, 10, NULL, NULL, NULL, 7),
	(1149, 38, 10, NULL, NULL, NULL, 7),
	(1150, 24, 10, NULL, NULL, NULL, 7),
	(1151, 29, 10, NULL, NULL, NULL, 7),
	(1152, 39, 10, NULL, NULL, NULL, 7),
	(1153, 30, 10, NULL, NULL, NULL, 2),
	(1154, 30, 10, NULL, NULL, NULL, 3),
	(1155, 30, 10, NULL, NULL, NULL, 4),
	(1156, 25, 10, NULL, NULL, NULL, 4),
	(1157, 37, 10, NULL, NULL, NULL, 5),
	(1158, 27, 10, NULL, NULL, NULL, 5),
	(1159, 33, 10, NULL, NULL, NULL, 7),
	(1160, 26, 10, NULL, NULL, NULL, 7),
	(1161, 34, 10, NULL, NULL, NULL, 1),
	(1162, 22, 10, NULL, NULL, NULL, 1),
	(1163, 28, 10, NULL, NULL, NULL, 1),
	(1164, 22, 10, NULL, NULL, NULL, 1),
	(1165, 21, 10, NULL, NULL, NULL, 1),
	(1166, 36, 10, NULL, NULL, NULL, 1),
	(1167, 31, 10, NULL, NULL, NULL, 1),
	(1168, 35, 10, NULL, NULL, NULL, 1),
	(1169, 38, 10, NULL, NULL, NULL, 1),
	(1170, 24, 11, NULL, NULL, NULL, 1),
	(1171, 29, 11, NULL, NULL, NULL, 1),
	(1172, 32, 11, NULL, NULL, NULL, 1),
	(1173, 39, 11, NULL, NULL, NULL, 1),
	(1174, 34, 11, NULL, NULL, NULL, 2),
	(1175, 22, 11, NULL, NULL, NULL, 2),
	(1176, 28, 11, NULL, NULL, NULL, 2),
	(1177, 22, 11, NULL, NULL, NULL, 2),
	(1178, 21, 11, NULL, NULL, NULL, 2),
	(1179, 36, 11, NULL, NULL, NULL, 2),
	(1180, 31, 11, NULL, NULL, NULL, 2),
	(1181, 35, 11, NULL, NULL, NULL, 2),
	(1182, 38, 11, NULL, NULL, NULL, 2),
	(1183, 24, 11, NULL, NULL, NULL, 2),
	(1184, 29, 11, NULL, NULL, NULL, 2),
	(1185, 32, 11, NULL, NULL, NULL, 2),
	(1186, 39, 11, NULL, NULL, NULL, 2),
	(1187, 34, 11, NULL, NULL, NULL, 3),
	(1188, 22, 11, NULL, NULL, NULL, 3),
	(1189, 28, 11, NULL, NULL, NULL, 3),
	(1190, 22, 11, NULL, NULL, NULL, 3),
	(1191, 21, 11, NULL, NULL, NULL, 3),
	(1192, 36, 11, NULL, NULL, NULL, 3),
	(1193, 31, 11, NULL, NULL, NULL, 3),
	(1194, 35, 11, NULL, NULL, NULL, 3),
	(1195, 38, 11, NULL, NULL, NULL, 3),
	(1196, 24, 11, NULL, NULL, NULL, 3),
	(1197, 29, 11, NULL, NULL, NULL, 3),
	(1198, 32, 11, NULL, NULL, NULL, 3),
	(1199, 39, 11, NULL, NULL, NULL, 3),
	(1200, 34, 11, NULL, NULL, NULL, 4),
	(1201, 22, 11, NULL, NULL, NULL, 4),
	(1202, 28, 11, NULL, NULL, NULL, 4),
	(1203, 22, 11, NULL, NULL, NULL, 4),
	(1204, 21, 11, NULL, NULL, NULL, 4),
	(1205, 36, 11, NULL, NULL, NULL, 4),
	(1206, 31, 11, NULL, NULL, NULL, 4),
	(1207, 35, 11, NULL, NULL, NULL, 4),
	(1208, 38, 11, NULL, NULL, NULL, 4),
	(1209, 24, 11, NULL, NULL, NULL, 4),
	(1210, 29, 11, NULL, NULL, NULL, 4),
	(1211, 32, 11, NULL, NULL, NULL, 4),
	(1212, 39, 11, NULL, NULL, NULL, 4),
	(1213, 34, 11, NULL, NULL, NULL, 5),
	(1214, 22, 11, NULL, NULL, NULL, 5),
	(1215, 28, 11, NULL, NULL, NULL, 5),
	(1216, 22, 11, NULL, NULL, NULL, 5),
	(1217, 21, 11, NULL, NULL, NULL, 5),
	(1218, 36, 11, NULL, NULL, NULL, 5),
	(1219, 31, 11, NULL, NULL, NULL, 5),
	(1220, 35, 11, NULL, NULL, NULL, 5),
	(1221, 38, 11, NULL, NULL, NULL, 5),
	(1222, 24, 11, NULL, NULL, NULL, 5),
	(1223, 29, 11, NULL, NULL, NULL, 5),
	(1224, 32, 11, NULL, NULL, NULL, 5),
	(1225, 39, 11, NULL, NULL, NULL, 5),
	(1226, 34, 11, NULL, NULL, NULL, 6),
	(1227, 22, 11, NULL, NULL, NULL, 6),
	(1228, 28, 11, NULL, NULL, NULL, 6),
	(1229, 22, 11, NULL, NULL, NULL, 6),
	(1230, 21, 11, NULL, NULL, NULL, 6),
	(1231, 36, 11, NULL, NULL, NULL, 6),
	(1232, 31, 11, NULL, NULL, NULL, 6),
	(1233, 35, 11, NULL, NULL, NULL, 6),
	(1234, 38, 11, NULL, NULL, NULL, 6),
	(1235, 24, 11, NULL, NULL, NULL, 6),
	(1236, 29, 11, NULL, NULL, NULL, 6),
	(1237, 32, 11, NULL, NULL, NULL, 6),
	(1238, 39, 11, NULL, NULL, NULL, 6),
	(1239, 34, 11, NULL, NULL, NULL, 7),
	(1240, 22, 11, NULL, NULL, NULL, 7),
	(1241, 28, 11, NULL, NULL, NULL, 7),
	(1242, 22, 11, NULL, NULL, NULL, 7),
	(1243, 21, 11, NULL, NULL, NULL, 7),
	(1244, 36, 11, NULL, NULL, NULL, 7),
	(1245, 31, 11, NULL, NULL, NULL, 7),
	(1246, 35, 11, NULL, NULL, NULL, 7),
	(1247, 38, 11, NULL, NULL, NULL, 7),
	(1248, 24, 11, NULL, NULL, NULL, 7),
	(1249, 29, 11, NULL, NULL, NULL, 7),
	(1250, 39, 11, NULL, NULL, NULL, 7),
	(1251, 30, 11, NULL, NULL, NULL, 2),
	(1252, 30, 11, NULL, NULL, NULL, 3),
	(1253, 30, 11, NULL, NULL, NULL, 4),
	(1254, 25, 11, NULL, NULL, NULL, 4),
	(1255, 37, 11, NULL, NULL, NULL, 5),
	(1256, 27, 11, NULL, NULL, NULL, 5),
	(1257, 33, 11, NULL, NULL, NULL, 7),
	(1258, 26, 11, NULL, NULL, NULL, 7),
	(1259, 34, 11, NULL, NULL, NULL, 1),
	(1260, 22, 11, NULL, NULL, NULL, 1),
	(1261, 28, 11, NULL, NULL, NULL, 1),
	(1262, 22, 11, NULL, NULL, NULL, 1),
	(1263, 21, 11, NULL, NULL, NULL, 1),
	(1264, 36, 11, NULL, NULL, NULL, 1),
	(1265, 31, 11, NULL, NULL, NULL, 1),
	(1266, 35, 11, NULL, NULL, NULL, 1),
	(1267, 38, 11, NULL, NULL, NULL, 1),
	(1268, 24, 12, NULL, NULL, NULL, 1),
	(1269, 29, 12, NULL, NULL, NULL, 1),
	(1270, 32, 12, NULL, NULL, NULL, 1),
	(1271, 39, 12, NULL, NULL, NULL, 1),
	(1272, 34, 12, NULL, NULL, NULL, 2),
	(1273, 22, 12, NULL, NULL, NULL, 2),
	(1274, 28, 12, NULL, NULL, NULL, 2),
	(1275, 22, 12, NULL, NULL, NULL, 2),
	(1276, 21, 12, NULL, NULL, NULL, 2),
	(1277, 36, 12, NULL, NULL, NULL, 2),
	(1278, 31, 12, NULL, NULL, NULL, 2),
	(1279, 35, 12, NULL, NULL, NULL, 2),
	(1280, 38, 12, NULL, NULL, NULL, 2),
	(1281, 24, 12, NULL, NULL, NULL, 2),
	(1282, 29, 12, NULL, NULL, NULL, 2),
	(1283, 32, 12, NULL, NULL, NULL, 2),
	(1284, 39, 12, NULL, NULL, NULL, 2),
	(1285, 34, 12, NULL, NULL, NULL, 3),
	(1286, 22, 12, NULL, NULL, NULL, 3),
	(1287, 28, 12, NULL, NULL, NULL, 3),
	(1288, 22, 12, NULL, NULL, NULL, 3),
	(1289, 21, 12, NULL, NULL, NULL, 3),
	(1290, 36, 12, NULL, NULL, NULL, 3),
	(1291, 31, 12, NULL, NULL, NULL, 3),
	(1292, 35, 12, NULL, NULL, NULL, 3),
	(1293, 38, 12, NULL, NULL, NULL, 3),
	(1294, 24, 12, NULL, NULL, NULL, 3),
	(1295, 29, 12, NULL, NULL, NULL, 3),
	(1296, 32, 12, NULL, NULL, NULL, 3),
	(1297, 39, 12, NULL, NULL, NULL, 3),
	(1298, 34, 12, NULL, NULL, NULL, 4),
	(1299, 22, 12, NULL, NULL, NULL, 4),
	(1300, 28, 12, NULL, NULL, NULL, 4),
	(1301, 22, 12, NULL, NULL, NULL, 4),
	(1302, 21, 12, NULL, NULL, NULL, 4),
	(1303, 36, 12, NULL, NULL, NULL, 4),
	(1304, 31, 12, NULL, NULL, NULL, 4),
	(1305, 35, 12, NULL, NULL, NULL, 4),
	(1306, 38, 12, NULL, NULL, NULL, 4),
	(1307, 24, 12, NULL, NULL, NULL, 4),
	(1308, 29, 12, NULL, NULL, NULL, 4),
	(1309, 32, 12, NULL, NULL, NULL, 4),
	(1310, 39, 12, NULL, NULL, NULL, 4),
	(1311, 34, 12, NULL, NULL, NULL, 5),
	(1312, 22, 12, NULL, NULL, NULL, 5),
	(1313, 28, 12, NULL, NULL, NULL, 5),
	(1314, 22, 12, NULL, NULL, NULL, 5),
	(1315, 21, 12, NULL, NULL, NULL, 5),
	(1316, 36, 12, NULL, NULL, NULL, 5),
	(1317, 31, 12, NULL, NULL, NULL, 5),
	(1318, 35, 12, NULL, NULL, NULL, 5),
	(1319, 38, 12, NULL, NULL, NULL, 5),
	(1320, 24, 12, NULL, NULL, NULL, 5),
	(1321, 29, 12, NULL, NULL, NULL, 5),
	(1322, 32, 12, NULL, NULL, NULL, 5),
	(1323, 39, 12, NULL, NULL, NULL, 5),
	(1324, 34, 12, NULL, NULL, NULL, 6),
	(1325, 22, 12, NULL, NULL, NULL, 6),
	(1326, 28, 12, NULL, NULL, NULL, 6),
	(1327, 22, 12, NULL, NULL, NULL, 6),
	(1328, 21, 12, NULL, NULL, NULL, 6),
	(1329, 36, 12, NULL, NULL, NULL, 6),
	(1330, 31, 12, NULL, NULL, NULL, 6),
	(1331, 35, 12, NULL, NULL, NULL, 6),
	(1332, 38, 12, NULL, NULL, NULL, 6),
	(1333, 24, 12, NULL, NULL, NULL, 6),
	(1334, 29, 12, NULL, NULL, NULL, 6),
	(1335, 32, 12, NULL, NULL, NULL, 6),
	(1336, 39, 12, NULL, NULL, NULL, 6),
	(1337, 34, 12, NULL, NULL, NULL, 7),
	(1338, 22, 12, NULL, NULL, NULL, 7),
	(1339, 28, 12, NULL, NULL, NULL, 7),
	(1340, 22, 12, NULL, NULL, NULL, 7),
	(1341, 21, 12, NULL, NULL, NULL, 7),
	(1342, 36, 12, NULL, NULL, NULL, 7),
	(1343, 31, 12, NULL, NULL, NULL, 7),
	(1344, 35, 12, NULL, NULL, NULL, 7),
	(1345, 38, 12, NULL, NULL, NULL, 7),
	(1346, 24, 12, NULL, NULL, NULL, 7),
	(1347, 29, 12, NULL, NULL, NULL, 7),
	(1348, 39, 12, NULL, NULL, NULL, 7),
	(1349, 30, 12, NULL, NULL, NULL, 2),
	(1350, 30, 12, NULL, NULL, NULL, 3),
	(1351, 30, 12, NULL, NULL, NULL, 4),
	(1352, 25, 12, NULL, NULL, NULL, 4),
	(1353, 37, 12, NULL, NULL, NULL, 5),
	(1354, 27, 12, NULL, NULL, NULL, 5),
	(1355, 33, 12, NULL, NULL, NULL, 7),
	(1356, 26, 12, NULL, NULL, NULL, 7),
	(1357, 34, 12, NULL, NULL, NULL, 1),
	(1358, 22, 12, NULL, NULL, NULL, 1),
	(1359, 28, 12, NULL, NULL, NULL, 1),
	(1360, 22, 12, NULL, NULL, NULL, 1),
	(1361, 21, 12, NULL, NULL, NULL, 1),
	(1362, 36, 12, NULL, NULL, NULL, 1),
	(1363, 31, 12, NULL, NULL, NULL, 1),
	(1364, 35, 12, NULL, NULL, NULL, 1),
	(1365, 38, 12, NULL, NULL, NULL, 1),
	(1366, 24, 13, NULL, NULL, NULL, 1),
	(1367, 29, 13, NULL, NULL, NULL, 1),
	(1368, 32, 13, NULL, NULL, NULL, 1),
	(1369, 39, 13, NULL, NULL, NULL, 1),
	(1370, 34, 13, NULL, NULL, NULL, 2),
	(1371, 22, 13, NULL, NULL, NULL, 2),
	(1372, 28, 13, NULL, NULL, NULL, 2),
	(1373, 22, 13, NULL, NULL, NULL, 2),
	(1374, 21, 13, NULL, NULL, NULL, 2),
	(1375, 36, 13, NULL, NULL, NULL, 2),
	(1376, 31, 13, NULL, NULL, NULL, 2),
	(1377, 35, 13, NULL, NULL, NULL, 2),
	(1378, 38, 13, NULL, NULL, NULL, 2),
	(1379, 24, 13, NULL, NULL, NULL, 2),
	(1380, 29, 13, NULL, NULL, NULL, 2),
	(1381, 32, 13, NULL, NULL, NULL, 2),
	(1382, 39, 13, NULL, NULL, NULL, 2),
	(1383, 34, 13, NULL, NULL, NULL, 3),
	(1384, 22, 13, NULL, NULL, NULL, 3),
	(1385, 28, 13, NULL, NULL, NULL, 3),
	(1386, 22, 13, NULL, NULL, NULL, 3),
	(1387, 21, 13, NULL, NULL, NULL, 3),
	(1388, 36, 13, NULL, NULL, NULL, 3),
	(1389, 31, 13, NULL, NULL, NULL, 3),
	(1390, 35, 13, NULL, NULL, NULL, 3),
	(1391, 38, 13, NULL, NULL, NULL, 3),
	(1392, 24, 13, NULL, NULL, NULL, 3),
	(1393, 29, 13, NULL, NULL, NULL, 3),
	(1394, 32, 13, NULL, NULL, NULL, 3),
	(1395, 39, 13, NULL, NULL, NULL, 3),
	(1396, 34, 13, NULL, NULL, NULL, 4),
	(1397, 22, 13, NULL, NULL, NULL, 4),
	(1398, 28, 13, NULL, NULL, NULL, 4),
	(1399, 22, 13, NULL, NULL, NULL, 4),
	(1400, 21, 13, NULL, NULL, NULL, 4),
	(1401, 36, 13, NULL, NULL, NULL, 4),
	(1402, 31, 13, NULL, NULL, NULL, 4),
	(1403, 35, 13, NULL, NULL, NULL, 4),
	(1404, 38, 13, NULL, NULL, NULL, 4),
	(1405, 24, 13, NULL, NULL, NULL, 4),
	(1406, 29, 13, NULL, NULL, NULL, 4),
	(1407, 32, 13, NULL, NULL, NULL, 4),
	(1408, 39, 13, NULL, NULL, NULL, 4),
	(1409, 34, 13, NULL, NULL, NULL, 5),
	(1410, 22, 13, NULL, NULL, NULL, 5),
	(1411, 28, 13, NULL, NULL, NULL, 5),
	(1412, 22, 13, NULL, NULL, NULL, 5),
	(1413, 21, 13, NULL, NULL, NULL, 5),
	(1414, 36, 13, NULL, NULL, NULL, 5),
	(1415, 31, 13, NULL, NULL, NULL, 5),
	(1416, 35, 13, NULL, NULL, NULL, 5),
	(1417, 38, 13, NULL, NULL, NULL, 5),
	(1418, 24, 13, NULL, NULL, NULL, 5),
	(1419, 29, 13, NULL, NULL, NULL, 5),
	(1420, 32, 13, NULL, NULL, NULL, 5),
	(1421, 39, 13, NULL, NULL, NULL, 5),
	(1422, 34, 13, NULL, NULL, NULL, 6),
	(1423, 22, 13, NULL, NULL, NULL, 6),
	(1424, 28, 13, NULL, NULL, NULL, 6),
	(1425, 22, 13, NULL, NULL, NULL, 6),
	(1426, 21, 13, NULL, NULL, NULL, 6),
	(1427, 36, 13, NULL, NULL, NULL, 6),
	(1428, 31, 13, NULL, NULL, NULL, 6),
	(1429, 35, 13, NULL, NULL, NULL, 6),
	(1430, 38, 13, NULL, NULL, NULL, 6),
	(1431, 24, 13, NULL, NULL, NULL, 6),
	(1432, 29, 13, NULL, NULL, NULL, 6),
	(1433, 32, 13, NULL, NULL, NULL, 6),
	(1434, 39, 13, NULL, NULL, NULL, 6),
	(1435, 34, 13, NULL, NULL, NULL, 7),
	(1436, 22, 13, NULL, NULL, NULL, 7),
	(1437, 28, 13, NULL, NULL, NULL, 7),
	(1438, 22, 13, NULL, NULL, NULL, 7),
	(1439, 21, 13, NULL, NULL, NULL, 7),
	(1440, 36, 13, NULL, NULL, NULL, 7),
	(1441, 31, 13, NULL, NULL, NULL, 7),
	(1442, 35, 13, NULL, NULL, NULL, 7),
	(1443, 38, 13, NULL, NULL, NULL, 7),
	(1444, 24, 13, NULL, NULL, NULL, 7),
	(1445, 29, 13, NULL, NULL, NULL, 7),
	(1446, 39, 13, NULL, NULL, NULL, 7),
	(1447, 30, 13, NULL, NULL, NULL, 2),
	(1448, 30, 13, NULL, NULL, NULL, 3),
	(1449, 30, 13, NULL, NULL, NULL, 4),
	(1450, 25, 13, NULL, NULL, NULL, 4),
	(1451, 37, 13, NULL, NULL, NULL, 5),
	(1452, 27, 13, NULL, NULL, NULL, 5),
	(1453, 33, 13, NULL, NULL, NULL, 7),
	(1454, 26, 13, NULL, NULL, NULL, 7),
	(1455, 34, 13, NULL, NULL, NULL, 1),
	(1456, 22, 13, NULL, NULL, NULL, 1),
	(1457, 28, 13, NULL, NULL, NULL, 1),
	(1458, 22, 13, NULL, NULL, NULL, 1),
	(1459, 21, 13, NULL, NULL, NULL, 1),
	(1460, 36, 13, NULL, NULL, NULL, 1),
	(1461, 31, 13, NULL, NULL, NULL, 1),
	(1462, 35, 13, NULL, NULL, NULL, 1),
	(1463, 38, 13, NULL, NULL, NULL, 1),
	(1464, 24, 14, NULL, NULL, NULL, 1),
	(1465, 29, 14, NULL, NULL, NULL, 1),
	(1466, 32, 14, NULL, NULL, NULL, 1),
	(1467, 39, 14, NULL, NULL, NULL, 1),
	(1468, 34, 14, NULL, NULL, NULL, 2),
	(1469, 22, 14, NULL, NULL, NULL, 2),
	(1470, 28, 14, NULL, NULL, NULL, 2),
	(1471, 22, 14, NULL, NULL, NULL, 2),
	(1472, 21, 14, NULL, NULL, NULL, 2),
	(1473, 36, 14, NULL, NULL, NULL, 2),
	(1474, 31, 14, NULL, NULL, NULL, 2),
	(1475, 35, 14, NULL, NULL, NULL, 2),
	(1476, 38, 14, NULL, NULL, NULL, 2),
	(1477, 24, 14, NULL, NULL, NULL, 2),
	(1478, 29, 14, NULL, NULL, NULL, 2),
	(1479, 32, 14, NULL, NULL, NULL, 2),
	(1480, 39, 14, NULL, NULL, NULL, 2),
	(1481, 34, 14, 11, NULL, NULL, 3),
	(1482, 22, 14, 8, NULL, NULL, 3),
	(1483, 28, 14, NULL, NULL, NULL, 3),
	(1484, 22, 14, NULL, NULL, NULL, 3),
	(1485, 21, 14, NULL, NULL, NULL, 3),
	(1486, 36, 14, NULL, NULL, NULL, 3),
	(1487, 31, 14, NULL, NULL, NULL, 3),
	(1488, 35, 14, NULL, NULL, NULL, 3),
	(1489, 38, 14, NULL, NULL, NULL, 3),
	(1490, 24, 14, NULL, NULL, NULL, 3),
	(1491, 29, 14, NULL, NULL, NULL, 3),
	(1492, 32, 14, NULL, NULL, NULL, 3),
	(1493, 39, 14, NULL, NULL, NULL, 3),
	(1494, 34, 14, 6, NULL, NULL, 4),
	(1495, 22, 14, NULL, NULL, NULL, 4),
	(1496, 28, 14, NULL, NULL, NULL, 4),
	(1497, 22, 14, NULL, NULL, NULL, 4),
	(1498, 21, 14, NULL, NULL, NULL, 4),
	(1499, 36, 14, NULL, NULL, NULL, 4),
	(1500, 31, 14, NULL, NULL, NULL, 4),
	(1501, 35, 14, NULL, NULL, NULL, 4),
	(1502, 38, 14, NULL, NULL, NULL, 4),
	(1503, 24, 14, 1, NULL, NULL, 4),
	(1504, 29, 14, NULL, NULL, NULL, 4),
	(1505, 32, 14, NULL, NULL, NULL, 4),
	(1506, 39, 14, 9, NULL, NULL, 4),
	(1507, 34, 14, 5, NULL, NULL, 5),
	(1508, 22, 14, NULL, NULL, NULL, 5),
	(1509, 28, 14, NULL, NULL, NULL, 5),
	(1510, 22, 14, NULL, NULL, NULL, 5),
	(1511, 21, 14, NULL, NULL, NULL, 5),
	(1512, 36, 14, NULL, NULL, NULL, 5),
	(1513, 31, 14, 4, NULL, NULL, 5),
	(1514, 35, 14, NULL, NULL, NULL, 5),
	(1515, 38, 14, NULL, NULL, NULL, 5),
	(1516, 24, 14, NULL, NULL, NULL, 5),
	(1517, 29, 14, NULL, NULL, NULL, 5),
	(1518, 32, 14, NULL, NULL, NULL, 5),
	(1519, 39, 14, NULL, NULL, NULL, 5),
	(1520, 34, 14, 6, NULL, NULL, 6),
	(1521, 22, 14, NULL, NULL, NULL, 6),
	(1522, 28, 14, NULL, NULL, NULL, 6),
	(1523, 22, 14, NULL, NULL, NULL, 6),
	(1524, 21, 14, NULL, NULL, NULL, 6),
	(1525, 36, 14, NULL, NULL, NULL, 6),
	(1526, 31, 14, NULL, NULL, NULL, 6),
	(1527, 35, 14, NULL, NULL, NULL, 6),
	(1528, 38, 14, NULL, NULL, NULL, 6),
	(1529, 24, 14, NULL, NULL, NULL, 6),
	(1530, 29, 14, NULL, NULL, NULL, 6),
	(1531, 32, 14, 9, NULL, NULL, 6),
	(1532, 39, 14, NULL, NULL, NULL, 6),
	(1533, 34, 14, NULL, NULL, NULL, 7),
	(1534, 22, 14, NULL, NULL, NULL, 7),
	(1535, 28, 14, NULL, NULL, NULL, 7),
	(1536, 22, 14, NULL, NULL, NULL, 7),
	(1537, 21, 14, NULL, NULL, NULL, 7),
	(1538, 36, 14, NULL, NULL, NULL, 7),
	(1539, 31, 14, NULL, NULL, NULL, 7),
	(1540, 35, 14, NULL, NULL, NULL, 7),
	(1541, 38, 14, NULL, NULL, NULL, 7),
	(1542, 24, 14, NULL, NULL, NULL, 7),
	(1543, 29, 14, NULL, NULL, NULL, 7),
	(1544, 39, 14, NULL, NULL, NULL, 7),
	(1545, 30, 14, 7, NULL, NULL, 2),
	(1546, 30, 14, NULL, NULL, NULL, 3),
	(1547, 30, 14, NULL, NULL, NULL, 4),
	(1548, 25, 14, NULL, NULL, NULL, 4),
	(1549, 37, 14, NULL, NULL, NULL, 5),
	(1550, 27, 14, NULL, NULL, NULL, 5),
	(1551, 33, 14, 6, NULL, NULL, 7),
	(1552, 26, 14, NULL, NULL, NULL, 7),
	(1553, 34, 14, NULL, NULL, NULL, 1),
	(1554, 22, 14, NULL, NULL, NULL, 1),
	(1555, 28, 14, NULL, NULL, NULL, 1),
	(1556, 22, 14, NULL, NULL, NULL, 1),
	(1557, 21, 14, NULL, NULL, NULL, 1),
	(1558, 36, 14, 7, NULL, NULL, 1),
	(1559, 31, 14, NULL, NULL, NULL, 1),
	(1560, 35, 14, NULL, NULL, NULL, 1),
	(1561, 38, 14, 9, NULL, NULL, 1),
	(1562, 24, 15, NULL, NULL, NULL, 1),
	(1563, 29, 15, NULL, NULL, NULL, 1),
	(1564, 32, 15, NULL, NULL, NULL, 1),
	(1565, 39, 15, NULL, NULL, NULL, 1),
	(1566, 34, 15, NULL, NULL, NULL, 2),
	(1567, 22, 15, NULL, NULL, NULL, 2),
	(1568, 28, 15, NULL, NULL, NULL, 2),
	(1569, 22, 15, NULL, NULL, NULL, 2),
	(1570, 21, 15, NULL, NULL, NULL, 2),
	(1571, 36, 15, NULL, NULL, NULL, 2),
	(1572, 31, 15, NULL, NULL, NULL, 2),
	(1573, 35, 15, NULL, NULL, NULL, 2),
	(1574, 38, 15, NULL, NULL, NULL, 2),
	(1575, 24, 15, NULL, NULL, NULL, 2),
	(1576, 29, 15, NULL, NULL, NULL, 2),
	(1577, 32, 15, NULL, NULL, NULL, 2),
	(1578, 39, 15, NULL, NULL, NULL, 2),
	(1579, 34, 15, NULL, NULL, NULL, 3),
	(1580, 22, 15, NULL, NULL, NULL, 3),
	(1581, 28, 15, NULL, NULL, NULL, 3),
	(1582, 22, 15, NULL, NULL, NULL, 3),
	(1583, 21, 15, NULL, NULL, NULL, 3),
	(1584, 36, 15, NULL, NULL, NULL, 3),
	(1585, 31, 15, NULL, NULL, NULL, 3),
	(1586, 35, 15, NULL, NULL, NULL, 3),
	(1587, 38, 15, NULL, NULL, NULL, 3),
	(1588, 24, 15, NULL, NULL, NULL, 3),
	(1589, 29, 15, NULL, NULL, NULL, 3),
	(1590, 32, 15, NULL, NULL, NULL, 3),
	(1591, 39, 15, NULL, NULL, NULL, 3),
	(1592, 34, 15, NULL, NULL, NULL, 4),
	(1593, 22, 15, NULL, NULL, NULL, 4),
	(1594, 28, 15, NULL, NULL, NULL, 4),
	(1595, 22, 15, NULL, NULL, NULL, 4),
	(1596, 21, 15, NULL, NULL, NULL, 4),
	(1597, 36, 15, NULL, NULL, NULL, 4),
	(1598, 31, 15, NULL, NULL, NULL, 4),
	(1599, 35, 15, NULL, NULL, NULL, 4),
	(1600, 38, 15, NULL, NULL, NULL, 4),
	(1601, 24, 15, NULL, NULL, NULL, 4),
	(1602, 29, 15, NULL, NULL, NULL, 4),
	(1603, 32, 15, NULL, NULL, NULL, 4),
	(1604, 39, 15, NULL, NULL, NULL, 4),
	(1605, 34, 15, NULL, NULL, NULL, 5),
	(1606, 22, 15, NULL, NULL, NULL, 5),
	(1607, 28, 15, NULL, NULL, NULL, 5),
	(1608, 22, 15, NULL, NULL, NULL, 5),
	(1609, 21, 15, NULL, NULL, NULL, 5),
	(1610, 36, 15, NULL, NULL, NULL, 5),
	(1611, 31, 15, NULL, NULL, NULL, 5),
	(1612, 35, 15, NULL, NULL, NULL, 5),
	(1613, 38, 15, NULL, NULL, NULL, 5),
	(1614, 24, 15, NULL, NULL, NULL, 5),
	(1615, 29, 15, NULL, NULL, NULL, 5),
	(1616, 32, 15, NULL, NULL, NULL, 5),
	(1617, 39, 15, NULL, NULL, NULL, 5),
	(1618, 34, 15, NULL, NULL, NULL, 6),
	(1619, 22, 15, NULL, NULL, NULL, 6),
	(1620, 28, 15, NULL, NULL, NULL, 6),
	(1621, 22, 15, NULL, NULL, NULL, 6),
	(1622, 21, 15, NULL, NULL, NULL, 6),
	(1623, 36, 15, NULL, NULL, NULL, 6),
	(1624, 31, 15, NULL, NULL, NULL, 6),
	(1625, 35, 15, NULL, NULL, NULL, 6),
	(1626, 38, 15, NULL, NULL, NULL, 6),
	(1627, 24, 15, NULL, NULL, NULL, 6),
	(1628, 29, 15, NULL, NULL, NULL, 6),
	(1629, 32, 15, NULL, NULL, NULL, 6),
	(1630, 39, 15, NULL, NULL, NULL, 6),
	(1631, 34, 15, NULL, NULL, NULL, 7),
	(1632, 22, 15, NULL, NULL, NULL, 7),
	(1633, 28, 15, NULL, NULL, NULL, 7),
	(1634, 22, 15, NULL, NULL, NULL, 7),
	(1635, 21, 15, NULL, NULL, NULL, 7),
	(1636, 36, 15, NULL, NULL, NULL, 7),
	(1637, 31, 15, NULL, NULL, NULL, 7),
	(1638, 35, 15, NULL, NULL, NULL, 7),
	(1639, 38, 15, NULL, NULL, NULL, 7),
	(1640, 24, 15, NULL, NULL, NULL, 7),
	(1641, 29, 15, NULL, NULL, NULL, 7),
	(1642, 39, 15, NULL, NULL, NULL, 7),
	(1643, 30, 15, NULL, NULL, NULL, 2),
	(1644, 30, 15, NULL, NULL, NULL, 3),
	(1645, 30, 15, NULL, NULL, NULL, 4),
	(1646, 25, 15, NULL, NULL, NULL, 4),
	(1647, 37, 15, NULL, NULL, NULL, 5),
	(1648, 27, 15, NULL, NULL, NULL, 5),
	(1649, 33, 15, NULL, NULL, NULL, 7),
	(1650, 26, 15, NULL, NULL, NULL, 7),
	(1651, 34, 15, NULL, NULL, NULL, 1),
	(1652, 22, 15, NULL, NULL, NULL, 1),
	(1653, 28, 15, NULL, NULL, NULL, 1),
	(1654, 22, 15, NULL, NULL, NULL, 1),
	(1655, 21, 15, NULL, NULL, NULL, 1),
	(1656, 36, 15, NULL, NULL, NULL, 1),
	(1657, 31, 15, NULL, NULL, NULL, 1),
	(1658, 35, 15, NULL, NULL, NULL, 1),
	(1659, 38, 15, NULL, NULL, NULL, 1),
	(1660, 24, 16, NULL, NULL, NULL, 1),
	(1661, 29, 16, NULL, NULL, NULL, 1),
	(1662, 32, 16, NULL, NULL, NULL, 1),
	(1663, 39, 16, NULL, NULL, NULL, 1),
	(1664, 34, 16, NULL, NULL, NULL, 2),
	(1665, 22, 16, NULL, NULL, NULL, 2),
	(1666, 28, 16, NULL, NULL, NULL, 2),
	(1667, 22, 16, NULL, NULL, NULL, 2),
	(1668, 21, 16, NULL, NULL, NULL, 2),
	(1669, 36, 16, NULL, NULL, NULL, 2),
	(1670, 31, 16, NULL, NULL, NULL, 2),
	(1671, 35, 16, NULL, NULL, NULL, 2),
	(1672, 38, 16, NULL, NULL, NULL, 2),
	(1673, 24, 16, NULL, NULL, NULL, 2),
	(1674, 29, 16, NULL, NULL, NULL, 2),
	(1675, 32, 16, NULL, NULL, NULL, 2),
	(1676, 39, 16, NULL, NULL, NULL, 2),
	(1677, 34, 16, NULL, NULL, NULL, 3),
	(1678, 22, 16, NULL, NULL, NULL, 3),
	(1679, 28, 16, NULL, NULL, NULL, 3),
	(1680, 22, 16, NULL, NULL, NULL, 3),
	(1681, 21, 16, NULL, NULL, NULL, 3),
	(1682, 36, 16, NULL, NULL, NULL, 3),
	(1683, 31, 16, NULL, NULL, NULL, 3),
	(1684, 35, 16, NULL, NULL, NULL, 3),
	(1685, 38, 16, NULL, NULL, NULL, 3),
	(1686, 24, 16, NULL, NULL, NULL, 3),
	(1687, 29, 16, NULL, NULL, NULL, 3),
	(1688, 32, 16, NULL, NULL, NULL, 3),
	(1689, 39, 16, NULL, NULL, NULL, 3),
	(1690, 34, 16, NULL, NULL, NULL, 4),
	(1691, 22, 16, NULL, NULL, NULL, 4),
	(1692, 28, 16, NULL, NULL, NULL, 4),
	(1693, 22, 16, NULL, NULL, NULL, 4),
	(1694, 21, 16, NULL, NULL, NULL, 4),
	(1695, 36, 16, NULL, NULL, NULL, 4),
	(1696, 31, 16, NULL, NULL, NULL, 4),
	(1697, 35, 16, NULL, NULL, NULL, 4),
	(1698, 38, 16, NULL, NULL, NULL, 4),
	(1699, 24, 16, NULL, NULL, NULL, 4),
	(1700, 29, 16, NULL, NULL, NULL, 4),
	(1701, 32, 16, NULL, NULL, NULL, 4),
	(1702, 39, 16, NULL, NULL, NULL, 4),
	(1703, 34, 16, NULL, NULL, NULL, 5),
	(1704, 22, 16, NULL, NULL, NULL, 5),
	(1705, 28, 16, NULL, NULL, NULL, 5),
	(1706, 22, 16, NULL, NULL, NULL, 5),
	(1707, 21, 16, NULL, NULL, NULL, 5),
	(1708, 36, 16, NULL, NULL, NULL, 5),
	(1709, 31, 16, NULL, NULL, NULL, 5),
	(1710, 35, 16, NULL, NULL, NULL, 5),
	(1711, 38, 16, NULL, NULL, NULL, 5),
	(1712, 24, 16, NULL, NULL, NULL, 5),
	(1713, 29, 16, NULL, NULL, NULL, 5),
	(1714, 32, 16, NULL, NULL, NULL, 5),
	(1715, 39, 16, NULL, NULL, NULL, 5),
	(1716, 34, 16, NULL, NULL, NULL, 6),
	(1717, 22, 16, NULL, NULL, NULL, 6),
	(1718, 28, 16, NULL, NULL, NULL, 6),
	(1719, 22, 16, NULL, NULL, NULL, 6),
	(1720, 21, 16, NULL, NULL, NULL, 6),
	(1721, 36, 16, NULL, NULL, NULL, 6),
	(1722, 31, 16, NULL, NULL, NULL, 6),
	(1723, 35, 16, NULL, NULL, NULL, 6),
	(1724, 38, 16, NULL, NULL, NULL, 6),
	(1725, 24, 16, NULL, NULL, NULL, 6),
	(1726, 29, 16, NULL, NULL, NULL, 6),
	(1727, 32, 16, NULL, NULL, NULL, 6),
	(1728, 39, 16, NULL, NULL, NULL, 6),
	(1729, 34, 16, NULL, NULL, NULL, 7),
	(1730, 22, 16, NULL, NULL, NULL, 7),
	(1731, 28, 16, NULL, NULL, NULL, 7),
	(1732, 22, 16, NULL, NULL, NULL, 7),
	(1733, 21, 16, NULL, NULL, NULL, 7),
	(1734, 36, 16, NULL, NULL, NULL, 7),
	(1735, 31, 16, NULL, NULL, NULL, 7),
	(1736, 35, 16, NULL, NULL, NULL, 7),
	(1737, 38, 16, NULL, NULL, NULL, 7),
	(1738, 24, 16, NULL, NULL, NULL, 7),
	(1739, 29, 16, NULL, NULL, NULL, 7),
	(1740, 39, 16, NULL, NULL, NULL, 7),
	(1741, 30, 16, NULL, NULL, NULL, 2),
	(1742, 30, 16, NULL, NULL, NULL, 3),
	(1743, 30, 16, NULL, NULL, NULL, 4),
	(1744, 25, 16, NULL, NULL, NULL, 4),
	(1745, 37, 16, NULL, NULL, NULL, 5),
	(1746, 27, 16, NULL, NULL, NULL, 5),
	(1747, 33, 16, NULL, NULL, NULL, 7),
	(1748, 26, 16, NULL, NULL, NULL, 7),
	(1749, 34, 16, NULL, NULL, NULL, 1),
	(1750, 22, 16, NULL, NULL, NULL, 1),
	(1751, 28, 16, NULL, NULL, NULL, 1),
	(1752, 22, 16, NULL, NULL, NULL, 1),
	(1753, 21, 16, NULL, NULL, NULL, 1),
	(1754, 36, 16, NULL, NULL, NULL, 1),
	(1755, 31, 16, NULL, NULL, NULL, 1),
	(1756, 35, 16, NULL, NULL, NULL, 1),
	(1757, 38, 16, NULL, NULL, NULL, 1),
	(1758, 24, 17, NULL, NULL, NULL, 1),
	(1759, 29, 17, NULL, NULL, NULL, 1),
	(1760, 32, 17, NULL, NULL, NULL, 1),
	(1761, 39, 17, NULL, NULL, NULL, 1),
	(1762, 34, 17, NULL, NULL, NULL, 2),
	(1763, 22, 17, NULL, NULL, NULL, 2),
	(1764, 28, 17, NULL, NULL, NULL, 2),
	(1765, 22, 17, NULL, NULL, NULL, 2),
	(1766, 21, 17, NULL, NULL, NULL, 2),
	(1767, 36, 17, NULL, NULL, NULL, 2),
	(1768, 31, 17, NULL, NULL, NULL, 2),
	(1769, 35, 17, NULL, NULL, NULL, 2),
	(1770, 38, 17, NULL, NULL, NULL, 2),
	(1771, 24, 17, NULL, NULL, NULL, 2),
	(1772, 29, 17, NULL, NULL, NULL, 2),
	(1773, 32, 17, NULL, NULL, NULL, 2),
	(1774, 39, 17, NULL, NULL, NULL, 2),
	(1775, 34, 17, NULL, NULL, NULL, 3),
	(1776, 22, 17, NULL, NULL, NULL, 3),
	(1777, 28, 17, NULL, NULL, NULL, 3),
	(1778, 22, 17, NULL, NULL, NULL, 3),
	(1779, 21, 17, NULL, NULL, NULL, 3),
	(1780, 36, 17, NULL, NULL, NULL, 3),
	(1781, 31, 17, NULL, NULL, NULL, 3),
	(1782, 35, 17, NULL, NULL, NULL, 3),
	(1783, 38, 17, NULL, NULL, NULL, 3),
	(1784, 24, 17, NULL, NULL, NULL, 3),
	(1785, 29, 17, NULL, NULL, NULL, 3),
	(1786, 32, 17, NULL, NULL, NULL, 3),
	(1787, 39, 17, NULL, NULL, NULL, 3),
	(1788, 34, 17, NULL, NULL, NULL, 4),
	(1789, 22, 17, NULL, NULL, NULL, 4),
	(1790, 28, 17, NULL, NULL, NULL, 4),
	(1791, 22, 17, NULL, NULL, NULL, 4),
	(1792, 21, 17, NULL, NULL, NULL, 4),
	(1793, 36, 17, NULL, NULL, NULL, 4),
	(1794, 31, 17, NULL, NULL, NULL, 4),
	(1795, 35, 17, NULL, NULL, NULL, 4),
	(1796, 38, 17, NULL, NULL, NULL, 4),
	(1797, 24, 17, NULL, NULL, NULL, 4),
	(1798, 29, 17, NULL, NULL, NULL, 4),
	(1799, 32, 17, NULL, NULL, NULL, 4),
	(1800, 39, 17, NULL, NULL, NULL, 4),
	(1801, 34, 17, NULL, NULL, NULL, 5),
	(1802, 22, 17, NULL, NULL, NULL, 5),
	(1803, 28, 17, NULL, NULL, NULL, 5),
	(1804, 22, 17, NULL, NULL, NULL, 5),
	(1805, 21, 17, NULL, NULL, NULL, 5),
	(1806, 36, 17, NULL, NULL, NULL, 5),
	(1807, 31, 17, NULL, NULL, NULL, 5),
	(1808, 35, 17, NULL, NULL, NULL, 5),
	(1809, 38, 17, NULL, NULL, NULL, 5),
	(1810, 24, 17, NULL, NULL, NULL, 5),
	(1811, 29, 17, NULL, NULL, NULL, 5),
	(1812, 32, 17, NULL, NULL, NULL, 5),
	(1813, 39, 17, NULL, NULL, NULL, 5),
	(1814, 34, 17, NULL, NULL, NULL, 6),
	(1815, 22, 17, NULL, NULL, NULL, 6),
	(1816, 28, 17, NULL, NULL, NULL, 6),
	(1817, 22, 17, NULL, NULL, NULL, 6),
	(1818, 21, 17, NULL, NULL, NULL, 6),
	(1819, 36, 17, NULL, NULL, NULL, 6),
	(1820, 31, 17, NULL, NULL, NULL, 6),
	(1821, 35, 17, NULL, NULL, NULL, 6),
	(1822, 38, 17, NULL, NULL, NULL, 6),
	(1823, 24, 17, NULL, NULL, NULL, 6),
	(1824, 29, 17, NULL, NULL, NULL, 6),
	(1825, 32, 17, NULL, NULL, NULL, 6),
	(1826, 39, 17, NULL, NULL, NULL, 6),
	(1827, 34, 17, NULL, NULL, NULL, 7),
	(1828, 22, 17, NULL, NULL, NULL, 7),
	(1829, 28, 17, NULL, NULL, NULL, 7),
	(1830, 22, 17, NULL, NULL, NULL, 7),
	(1831, 21, 17, NULL, NULL, NULL, 7),
	(1832, 36, 17, NULL, NULL, NULL, 7),
	(1833, 31, 17, NULL, NULL, NULL, 7),
	(1834, 35, 17, NULL, NULL, NULL, 7),
	(1835, 38, 17, NULL, NULL, NULL, 7),
	(1836, 24, 17, NULL, NULL, NULL, 7),
	(1837, 29, 17, NULL, NULL, NULL, 7),
	(1838, 39, 17, NULL, NULL, NULL, 7),
	(1839, 30, 17, NULL, NULL, NULL, 2),
	(1840, 30, 17, NULL, NULL, NULL, 3),
	(1841, 30, 17, NULL, NULL, NULL, 4),
	(1842, 25, 17, NULL, NULL, NULL, 4),
	(1843, 37, 17, NULL, NULL, NULL, 5),
	(1844, 27, 17, NULL, NULL, NULL, 5),
	(1845, 33, 17, NULL, NULL, NULL, 7),
	(1846, 26, 17, NULL, NULL, NULL, 7),
	(1847, 34, 17, NULL, NULL, NULL, 1),
	(1848, 22, 17, NULL, NULL, NULL, 1),
	(1849, 28, 17, NULL, NULL, NULL, 1),
	(1850, 22, 17, NULL, NULL, NULL, 1),
	(1851, 21, 17, NULL, NULL, NULL, 1),
	(1852, 36, 17, NULL, NULL, NULL, 1),
	(1853, 31, 17, NULL, NULL, NULL, 1),
	(1854, 35, 17, NULL, NULL, NULL, 1),
	(1855, 38, 17, NULL, NULL, NULL, 1),
	(1856, 24, 18, NULL, NULL, NULL, 1),
	(1857, 29, 18, NULL, NULL, NULL, 1),
	(1858, 32, 18, NULL, NULL, NULL, 1),
	(1859, 39, 18, NULL, NULL, NULL, 1),
	(1860, 34, 18, NULL, NULL, NULL, 2),
	(1861, 22, 18, NULL, NULL, NULL, 2),
	(1862, 28, 18, NULL, NULL, NULL, 2),
	(1863, 22, 18, NULL, NULL, NULL, 2),
	(1864, 21, 18, NULL, NULL, NULL, 2),
	(1865, 36, 18, NULL, NULL, NULL, 2),
	(1866, 31, 18, NULL, NULL, NULL, 2),
	(1867, 35, 18, NULL, NULL, NULL, 2),
	(1868, 38, 18, NULL, NULL, NULL, 2),
	(1869, 24, 18, NULL, NULL, NULL, 2),
	(1870, 29, 18, NULL, NULL, NULL, 2),
	(1871, 32, 18, NULL, NULL, NULL, 2),
	(1872, 39, 18, NULL, NULL, NULL, 2),
	(1873, 34, 18, NULL, NULL, NULL, 3),
	(1874, 22, 18, NULL, NULL, NULL, 3),
	(1875, 28, 18, NULL, NULL, NULL, 3),
	(1876, 22, 18, NULL, NULL, NULL, 3),
	(1877, 21, 18, NULL, NULL, NULL, 3),
	(1878, 36, 18, NULL, NULL, NULL, 3),
	(1879, 31, 18, NULL, NULL, NULL, 3),
	(1880, 35, 18, NULL, NULL, NULL, 3),
	(1881, 38, 18, NULL, NULL, NULL, 3),
	(1882, 24, 18, NULL, NULL, NULL, 3),
	(1883, 29, 18, NULL, NULL, NULL, 3),
	(1884, 32, 18, NULL, NULL, NULL, 3),
	(1885, 39, 18, NULL, NULL, NULL, 3),
	(1886, 34, 18, NULL, NULL, NULL, 4),
	(1887, 22, 18, NULL, NULL, NULL, 4),
	(1888, 28, 18, NULL, NULL, NULL, 4),
	(1889, 22, 18, NULL, NULL, NULL, 4),
	(1890, 21, 18, NULL, NULL, NULL, 4),
	(1891, 36, 18, NULL, NULL, NULL, 4),
	(1892, 31, 18, NULL, NULL, NULL, 4),
	(1893, 35, 18, NULL, NULL, NULL, 4),
	(1894, 38, 18, NULL, NULL, NULL, 4),
	(1895, 24, 18, NULL, NULL, NULL, 4),
	(1896, 29, 18, NULL, NULL, NULL, 4),
	(1897, 32, 18, NULL, NULL, NULL, 4),
	(1898, 39, 18, NULL, NULL, NULL, 4),
	(1899, 34, 18, NULL, NULL, NULL, 5),
	(1900, 22, 18, NULL, NULL, NULL, 5),
	(1901, 28, 18, NULL, NULL, NULL, 5),
	(1902, 22, 18, NULL, NULL, NULL, 5),
	(1903, 21, 18, NULL, NULL, NULL, 5),
	(1904, 36, 18, NULL, NULL, NULL, 5),
	(1905, 31, 18, NULL, NULL, NULL, 5),
	(1906, 35, 18, NULL, NULL, NULL, 5),
	(1907, 38, 18, NULL, NULL, NULL, 5),
	(1908, 24, 18, NULL, NULL, NULL, 5),
	(1909, 29, 18, NULL, NULL, NULL, 5),
	(1910, 32, 18, NULL, NULL, NULL, 5),
	(1911, 39, 18, NULL, NULL, NULL, 5),
	(1912, 34, 18, NULL, NULL, NULL, 6),
	(1913, 22, 18, NULL, NULL, NULL, 6),
	(1914, 28, 18, NULL, NULL, NULL, 6),
	(1915, 22, 18, NULL, NULL, NULL, 6),
	(1916, 21, 18, NULL, NULL, NULL, 6),
	(1917, 36, 18, NULL, NULL, NULL, 6),
	(1918, 31, 18, NULL, NULL, NULL, 6),
	(1919, 35, 18, NULL, NULL, NULL, 6),
	(1920, 38, 18, NULL, NULL, NULL, 6),
	(1921, 24, 18, NULL, NULL, NULL, 6),
	(1922, 29, 18, NULL, NULL, NULL, 6),
	(1923, 32, 18, NULL, NULL, NULL, 6),
	(1924, 39, 18, NULL, NULL, NULL, 6),
	(1925, 34, 18, NULL, NULL, NULL, 7),
	(1926, 22, 18, NULL, NULL, NULL, 7),
	(1927, 28, 18, NULL, NULL, NULL, 7),
	(1928, 22, 18, NULL, NULL, NULL, 7),
	(1929, 21, 18, NULL, NULL, NULL, 7),
	(1930, 36, 18, NULL, NULL, NULL, 7),
	(1931, 31, 18, NULL, NULL, NULL, 7),
	(1932, 35, 18, NULL, NULL, NULL, 7),
	(1933, 38, 18, NULL, NULL, NULL, 7),
	(1934, 24, 18, NULL, NULL, NULL, 7),
	(1935, 29, 18, NULL, NULL, NULL, 7),
	(1936, 39, 18, NULL, NULL, NULL, 7),
	(1937, 30, 18, NULL, NULL, NULL, 2),
	(1938, 30, 18, NULL, NULL, NULL, 3),
	(1939, 30, 18, NULL, NULL, NULL, 4),
	(1940, 25, 18, NULL, NULL, NULL, 4),
	(1941, 37, 18, NULL, NULL, NULL, 5),
	(1942, 27, 18, NULL, NULL, NULL, 5),
	(1943, 33, 18, NULL, NULL, NULL, 7),
	(1944, 26, 18, NULL, NULL, NULL, 7),
	(1945, 34, 18, NULL, NULL, NULL, 1),
	(1946, 22, 18, NULL, NULL, NULL, 1),
	(1947, 28, 18, NULL, NULL, NULL, 1),
	(1948, 22, 18, NULL, NULL, NULL, 1),
	(1949, 21, 18, NULL, NULL, NULL, 1),
	(1950, 36, 18, NULL, NULL, NULL, 1),
	(1951, 31, 18, NULL, NULL, NULL, 1),
	(1952, 35, 18, NULL, NULL, NULL, 1),
	(1953, 38, 18, NULL, NULL, NULL, 1),
	(1954, 24, 19, NULL, NULL, NULL, 1),
	(1955, 29, 19, NULL, NULL, NULL, 1),
	(1956, 32, 19, NULL, NULL, NULL, 1),
	(1957, 39, 19, NULL, NULL, NULL, 1),
	(1958, 34, 19, NULL, NULL, NULL, 2),
	(1959, 22, 19, NULL, NULL, NULL, 2),
	(1960, 28, 19, NULL, NULL, NULL, 2),
	(1961, 22, 19, NULL, NULL, NULL, 2),
	(1962, 21, 19, NULL, NULL, NULL, 2),
	(1963, 36, 19, NULL, NULL, NULL, 2),
	(1964, 31, 19, NULL, NULL, NULL, 2),
	(1965, 35, 19, 11, NULL, NULL, 2),
	(1966, 38, 19, NULL, NULL, NULL, 2),
	(1967, 24, 19, 8, NULL, NULL, 2),
	(1968, 29, 19, NULL, NULL, NULL, 2),
	(1969, 32, 19, NULL, NULL, NULL, 2),
	(1970, 39, 19, NULL, NULL, NULL, 2),
	(1971, 34, 19, NULL, NULL, NULL, 3),
	(1972, 22, 19, NULL, NULL, NULL, 3),
	(1973, 28, 19, NULL, NULL, NULL, 3),
	(1974, 22, 19, 7, NULL, NULL, 3),
	(1975, 21, 19, NULL, NULL, NULL, 3),
	(1976, 36, 19, NULL, NULL, NULL, 3),
	(1977, 31, 19, NULL, NULL, NULL, 3),
	(1978, 35, 19, NULL, NULL, NULL, 3),
	(1979, 38, 19, NULL, NULL, NULL, 3),
	(1980, 24, 19, NULL, NULL, NULL, 3),
	(1981, 29, 19, NULL, NULL, NULL, 3),
	(1982, 32, 19, NULL, NULL, NULL, 3),
	(1983, 39, 19, NULL, NULL, NULL, 3),
	(1984, 34, 19, NULL, NULL, NULL, 4),
	(1985, 22, 19, NULL, NULL, NULL, 4),
	(1986, 28, 19, NULL, NULL, NULL, 4),
	(1987, 22, 19, NULL, NULL, NULL, 4),
	(1988, 21, 19, NULL, NULL, NULL, 4),
	(1989, 36, 19, NULL, NULL, NULL, 4),
	(1990, 31, 19, NULL, NULL, NULL, 4),
	(1991, 35, 19, NULL, NULL, NULL, 4),
	(1992, 38, 19, NULL, NULL, NULL, 4),
	(1993, 24, 19, NULL, NULL, NULL, 4),
	(1994, 29, 19, NULL, NULL, NULL, 4),
	(1995, 32, 19, NULL, NULL, NULL, 4),
	(1996, 39, 19, NULL, NULL, NULL, 4),
	(1997, 34, 19, NULL, NULL, NULL, 5),
	(1998, 22, 19, NULL, NULL, NULL, 5),
	(1999, 28, 19, NULL, NULL, NULL, 5),
	(2000, 22, 19, NULL, NULL, NULL, 5),
	(2001, 21, 19, NULL, NULL, NULL, 5),
	(2002, 36, 19, NULL, NULL, NULL, 5),
	(2003, 31, 19, NULL, NULL, NULL, 5),
	(2004, 35, 19, NULL, NULL, NULL, 5),
	(2005, 38, 19, NULL, NULL, NULL, 5),
	(2006, 24, 19, 12, NULL, NULL, 5),
	(2007, 29, 19, NULL, NULL, NULL, 5),
	(2008, 32, 19, NULL, NULL, NULL, 5),
	(2009, 39, 19, NULL, NULL, NULL, 5),
	(2010, 34, 19, NULL, NULL, NULL, 6),
	(2011, 22, 19, NULL, NULL, NULL, 6),
	(2012, 28, 19, NULL, NULL, NULL, 6),
	(2013, 22, 19, NULL, NULL, NULL, 6),
	(2014, 21, 19, NULL, NULL, NULL, 6),
	(2015, 36, 19, 11, NULL, NULL, 6),
	(2016, 31, 19, NULL, NULL, NULL, 6),
	(2017, 35, 19, 8, NULL, NULL, 6),
	(2018, 38, 19, NULL, NULL, NULL, 6),
	(2019, 24, 19, NULL, NULL, NULL, 6),
	(2020, 29, 19, NULL, NULL, NULL, 6),
	(2021, 32, 19, NULL, NULL, NULL, 6),
	(2022, 39, 19, NULL, NULL, NULL, 6),
	(2023, 34, 19, NULL, NULL, NULL, 7),
	(2024, 22, 19, 7, NULL, NULL, 7),
	(2025, 28, 19, NULL, NULL, NULL, 7),
	(2026, 22, 19, NULL, NULL, NULL, 7),
	(2027, 21, 19, NULL, NULL, NULL, 7),
	(2028, 36, 19, NULL, NULL, NULL, 7),
	(2029, 31, 19, NULL, NULL, NULL, 7),
	(2030, 35, 19, NULL, NULL, NULL, 7),
	(2031, 38, 19, NULL, NULL, NULL, 7),
	(2032, 24, 19, NULL, NULL, NULL, 7),
	(2033, 29, 19, NULL, NULL, NULL, 7),
	(2034, 39, 19, NULL, NULL, NULL, 7),
	(2035, 30, 19, NULL, NULL, NULL, 2),
	(2036, 30, 19, NULL, NULL, NULL, 3),
	(2037, 30, 19, NULL, NULL, NULL, 4),
	(2038, 25, 19, NULL, NULL, NULL, 4),
	(2039, 37, 19, NULL, NULL, NULL, 5),
	(2040, 27, 19, NULL, NULL, NULL, 5),
	(2041, 33, 19, NULL, NULL, NULL, 7),
	(2042, 26, 19, NULL, NULL, NULL, 7),
	(2043, 34, 19, NULL, NULL, NULL, 1),
	(2044, 22, 19, NULL, NULL, NULL, 1),
	(2045, 28, 19, NULL, NULL, NULL, 1),
	(2046, 22, 19, NULL, NULL, NULL, 1),
	(2047, 21, 19, NULL, NULL, NULL, 1),
	(2048, 36, 19, NULL, NULL, NULL, 1),
	(2049, 31, 19, NULL, NULL, NULL, 1),
	(2050, 35, 19, NULL, NULL, NULL, 1),
	(2051, 38, 19, 2, NULL, NULL, 1),
	(2052, 24, 20, NULL, NULL, NULL, 1),
	(2053, 29, 20, NULL, NULL, NULL, 1),
	(2054, 32, 20, NULL, NULL, NULL, 1),
	(2055, 39, 20, NULL, NULL, NULL, 1),
	(2056, 34, 20, NULL, NULL, NULL, 2),
	(2057, 22, 20, NULL, NULL, NULL, 2),
	(2058, 28, 20, NULL, NULL, NULL, 2),
	(2059, 22, 20, NULL, NULL, NULL, 2),
	(2060, 21, 20, NULL, NULL, NULL, 2),
	(2061, 36, 20, NULL, NULL, NULL, 2),
	(2062, 31, 20, NULL, NULL, NULL, 2),
	(2063, 35, 20, NULL, NULL, NULL, 2),
	(2064, 38, 20, NULL, NULL, NULL, 2),
	(2065, 24, 20, NULL, NULL, NULL, 2),
	(2066, 29, 20, NULL, NULL, NULL, 2),
	(2067, 32, 20, NULL, NULL, NULL, 2),
	(2068, 39, 20, NULL, NULL, NULL, 2),
	(2069, 34, 20, NULL, NULL, NULL, 3),
	(2070, 22, 20, NULL, NULL, NULL, 3),
	(2071, 28, 20, NULL, NULL, NULL, 3),
	(2072, 22, 20, NULL, NULL, NULL, 3),
	(2073, 21, 20, NULL, NULL, NULL, 3),
	(2074, 36, 20, NULL, NULL, NULL, 3),
	(2075, 31, 20, NULL, NULL, NULL, 3),
	(2076, 35, 20, NULL, NULL, NULL, 3),
	(2077, 38, 20, NULL, NULL, NULL, 3),
	(2078, 24, 20, NULL, NULL, NULL, 3),
	(2079, 29, 20, NULL, NULL, NULL, 3),
	(2080, 32, 20, NULL, NULL, NULL, 3),
	(2081, 39, 20, NULL, NULL, NULL, 3),
	(2082, 34, 20, NULL, NULL, NULL, 4),
	(2083, 22, 20, NULL, NULL, NULL, 4),
	(2084, 28, 20, NULL, NULL, NULL, 4),
	(2085, 22, 20, NULL, NULL, NULL, 4),
	(2086, 21, 20, NULL, NULL, NULL, 4),
	(2087, 36, 20, NULL, NULL, NULL, 4),
	(2088, 31, 20, NULL, NULL, NULL, 4),
	(2089, 35, 20, NULL, NULL, NULL, 4),
	(2090, 38, 20, NULL, NULL, NULL, 4),
	(2091, 24, 20, NULL, NULL, NULL, 4),
	(2092, 29, 20, NULL, NULL, NULL, 4),
	(2093, 32, 20, NULL, NULL, NULL, 4),
	(2094, 39, 20, NULL, NULL, NULL, 4),
	(2095, 34, 20, NULL, NULL, NULL, 5),
	(2096, 22, 20, NULL, NULL, NULL, 5),
	(2097, 28, 20, NULL, NULL, NULL, 5),
	(2098, 22, 20, NULL, NULL, NULL, 5),
	(2099, 21, 20, NULL, NULL, NULL, 5),
	(2100, 36, 20, NULL, NULL, NULL, 5),
	(2101, 31, 20, NULL, NULL, NULL, 5),
	(2102, 35, 20, NULL, NULL, NULL, 5),
	(2103, 38, 20, NULL, NULL, NULL, 5),
	(2104, 24, 20, NULL, NULL, NULL, 5),
	(2105, 29, 20, NULL, NULL, NULL, 5),
	(2106, 32, 20, NULL, NULL, NULL, 5),
	(2107, 39, 20, NULL, NULL, NULL, 5),
	(2108, 34, 20, NULL, NULL, NULL, 6),
	(2109, 22, 20, NULL, NULL, NULL, 6),
	(2110, 28, 20, NULL, NULL, NULL, 6),
	(2111, 22, 20, NULL, NULL, NULL, 6),
	(2112, 21, 20, NULL, NULL, NULL, 6),
	(2113, 36, 20, NULL, NULL, NULL, 6),
	(2114, 31, 20, NULL, NULL, NULL, 6),
	(2115, 35, 20, NULL, NULL, NULL, 6),
	(2116, 38, 20, NULL, NULL, NULL, 6),
	(2117, 24, 20, NULL, NULL, NULL, 6),
	(2118, 29, 20, NULL, NULL, NULL, 6),
	(2119, 32, 20, NULL, NULL, NULL, 6),
	(2120, 39, 20, NULL, NULL, NULL, 6),
	(2121, 34, 20, NULL, NULL, NULL, 7),
	(2122, 22, 20, NULL, NULL, NULL, 7),
	(2123, 28, 20, NULL, NULL, NULL, 7),
	(2124, 22, 20, NULL, NULL, NULL, 7),
	(2125, 21, 20, NULL, NULL, NULL, 7),
	(2126, 36, 20, NULL, NULL, NULL, 7),
	(2127, 31, 20, NULL, NULL, NULL, 7),
	(2128, 35, 20, NULL, NULL, NULL, 7),
	(2129, 38, 20, NULL, NULL, NULL, 7),
	(2130, 24, 20, NULL, NULL, NULL, 7),
	(2131, 29, 20, NULL, NULL, NULL, 7),
	(2132, 39, 20, NULL, NULL, NULL, 7),
	(2133, 30, 20, NULL, NULL, NULL, 2),
	(2134, 30, 20, NULL, NULL, NULL, 3),
	(2135, 30, 20, NULL, NULL, NULL, 4),
	(2136, 25, 20, NULL, NULL, NULL, 4),
	(2137, 37, 20, NULL, NULL, NULL, 5),
	(2138, 27, 20, NULL, NULL, NULL, 5),
	(2139, 33, 20, NULL, NULL, NULL, 7),
	(2140, 26, 20, NULL, NULL, NULL, 7),
	(2141, 34, 20, NULL, NULL, NULL, 1),
	(2142, 22, 20, NULL, NULL, NULL, 1),
	(2143, 28, 20, NULL, NULL, NULL, 1),
	(2144, 22, 20, NULL, NULL, NULL, 1),
	(2145, 21, 20, NULL, NULL, NULL, 1),
	(2146, 36, 20, NULL, NULL, NULL, 1),
	(2147, 31, 20, NULL, NULL, NULL, 1),
	(2148, 35, 20, NULL, NULL, NULL, 1),
	(2149, 38, 20, NULL, NULL, NULL, 1),
	(2150, 24, 21, NULL, NULL, NULL, 1),
	(2151, 29, 21, NULL, NULL, NULL, 1),
	(2152, 32, 21, NULL, NULL, NULL, 1),
	(2153, 39, 21, NULL, NULL, NULL, 1),
	(2154, 34, 21, NULL, NULL, NULL, 2),
	(2155, 22, 21, NULL, NULL, NULL, 2),
	(2156, 28, 21, NULL, NULL, NULL, 2),
	(2157, 22, 21, NULL, NULL, NULL, 2),
	(2158, 21, 21, NULL, NULL, NULL, 2),
	(2159, 36, 21, NULL, NULL, NULL, 2),
	(2160, 31, 21, NULL, NULL, NULL, 2),
	(2161, 35, 21, NULL, NULL, NULL, 2),
	(2162, 38, 21, NULL, NULL, NULL, 2),
	(2163, 24, 21, NULL, NULL, NULL, 2),
	(2164, 29, 21, NULL, NULL, NULL, 2),
	(2165, 32, 21, NULL, NULL, NULL, 2),
	(2166, 39, 21, NULL, NULL, NULL, 2),
	(2167, 34, 21, NULL, NULL, NULL, 3),
	(2168, 22, 21, NULL, NULL, NULL, 3),
	(2169, 28, 21, NULL, NULL, NULL, 3),
	(2170, 22, 21, NULL, NULL, NULL, 3),
	(2171, 21, 21, NULL, NULL, NULL, 3),
	(2172, 36, 21, NULL, NULL, NULL, 3),
	(2173, 31, 21, NULL, NULL, NULL, 3),
	(2174, 35, 21, NULL, NULL, NULL, 3),
	(2175, 38, 21, NULL, NULL, NULL, 3),
	(2176, 24, 21, NULL, NULL, NULL, 3),
	(2177, 29, 21, NULL, NULL, NULL, 3),
	(2178, 32, 21, NULL, NULL, NULL, 3),
	(2179, 39, 21, NULL, NULL, NULL, 3),
	(2180, 34, 21, NULL, NULL, NULL, 4),
	(2181, 22, 21, NULL, NULL, NULL, 4),
	(2182, 28, 21, NULL, NULL, NULL, 4),
	(2183, 22, 21, NULL, NULL, NULL, 4),
	(2184, 21, 21, NULL, NULL, NULL, 4),
	(2185, 36, 21, NULL, NULL, NULL, 4),
	(2186, 31, 21, NULL, NULL, NULL, 4),
	(2187, 35, 21, NULL, NULL, NULL, 4),
	(2188, 38, 21, NULL, NULL, NULL, 4),
	(2189, 24, 21, NULL, NULL, NULL, 4),
	(2190, 29, 21, NULL, NULL, NULL, 4),
	(2191, 32, 21, NULL, NULL, NULL, 4),
	(2192, 39, 21, NULL, NULL, NULL, 4),
	(2193, 34, 21, NULL, NULL, NULL, 5),
	(2194, 22, 21, NULL, NULL, NULL, 5),
	(2195, 28, 21, NULL, NULL, NULL, 5),
	(2196, 22, 21, NULL, NULL, NULL, 5),
	(2197, 21, 21, NULL, NULL, NULL, 5),
	(2198, 36, 21, NULL, NULL, NULL, 5),
	(2199, 31, 21, NULL, NULL, NULL, 5),
	(2200, 35, 21, NULL, NULL, NULL, 5),
	(2201, 38, 21, NULL, NULL, NULL, 5),
	(2202, 24, 21, NULL, NULL, NULL, 5),
	(2203, 29, 21, NULL, NULL, NULL, 5),
	(2204, 32, 21, NULL, NULL, NULL, 5),
	(2205, 39, 21, NULL, NULL, NULL, 5),
	(2206, 34, 21, NULL, NULL, NULL, 6),
	(2207, 22, 21, NULL, NULL, NULL, 6),
	(2208, 28, 21, NULL, NULL, NULL, 6),
	(2209, 22, 21, NULL, NULL, NULL, 6),
	(2210, 21, 21, NULL, NULL, NULL, 6),
	(2211, 36, 21, NULL, NULL, NULL, 6),
	(2212, 31, 21, NULL, NULL, NULL, 6),
	(2213, 35, 21, NULL, NULL, NULL, 6),
	(2214, 38, 21, NULL, NULL, NULL, 6),
	(2215, 24, 21, NULL, NULL, NULL, 6),
	(2216, 29, 21, NULL, NULL, NULL, 6),
	(2217, 32, 21, NULL, NULL, NULL, 6),
	(2218, 39, 21, NULL, NULL, NULL, 6),
	(2219, 34, 21, NULL, NULL, NULL, 7),
	(2220, 22, 21, NULL, NULL, NULL, 7),
	(2221, 28, 21, NULL, NULL, NULL, 7),
	(2222, 22, 21, NULL, NULL, NULL, 7),
	(2223, 21, 21, NULL, NULL, NULL, 7),
	(2224, 36, 21, NULL, NULL, NULL, 7),
	(2225, 31, 21, NULL, NULL, NULL, 7),
	(2226, 35, 21, NULL, NULL, NULL, 7),
	(2227, 38, 21, NULL, NULL, NULL, 7),
	(2228, 24, 21, NULL, NULL, NULL, 7),
	(2229, 29, 21, NULL, NULL, NULL, 7),
	(2230, 39, 21, NULL, NULL, NULL, 7),
	(2231, 30, 21, NULL, NULL, NULL, 2),
	(2232, 30, 21, NULL, NULL, NULL, 3),
	(2233, 30, 21, NULL, NULL, NULL, 4),
	(2234, 25, 21, NULL, NULL, NULL, 4),
	(2235, 37, 21, NULL, NULL, NULL, 5),
	(2236, 27, 21, NULL, NULL, NULL, 5),
	(2237, 33, 21, NULL, NULL, NULL, 7),
	(2238, 26, 21, NULL, NULL, NULL, 7),
	(2239, 34, 21, NULL, NULL, NULL, 1),
	(2240, 22, 21, NULL, NULL, NULL, 1),
	(2241, 28, 21, NULL, NULL, NULL, 1),
	(2242, 22, 21, NULL, NULL, NULL, 1),
	(2243, 21, 21, NULL, NULL, NULL, 1),
	(2244, 36, 21, NULL, NULL, NULL, 1),
	(2245, 31, 21, NULL, NULL, NULL, 1),
	(2246, 35, 21, NULL, NULL, NULL, 1),
	(2247, 38, 21, NULL, NULL, NULL, 1),
	(2248, 24, 22, NULL, NULL, NULL, 1),
	(2249, 29, 22, NULL, NULL, NULL, 1),
	(2250, 32, 22, NULL, NULL, NULL, 1),
	(2251, 39, 22, NULL, NULL, NULL, 1),
	(2252, 34, 22, NULL, NULL, NULL, 2),
	(2253, 22, 22, NULL, NULL, NULL, 2),
	(2254, 28, 22, NULL, NULL, NULL, 2),
	(2255, 22, 22, NULL, NULL, NULL, 2),
	(2256, 21, 22, NULL, NULL, NULL, 2),
	(2257, 36, 22, NULL, NULL, NULL, 2),
	(2258, 31, 22, NULL, NULL, NULL, 2),
	(2259, 35, 22, NULL, NULL, NULL, 2),
	(2260, 38, 22, NULL, NULL, NULL, 2),
	(2261, 24, 22, NULL, NULL, NULL, 2),
	(2262, 29, 22, NULL, NULL, NULL, 2),
	(2263, 32, 22, NULL, NULL, NULL, 2),
	(2264, 39, 22, NULL, NULL, NULL, 2),
	(2265, 34, 22, NULL, NULL, NULL, 3),
	(2266, 22, 22, NULL, NULL, NULL, 3),
	(2267, 28, 22, NULL, NULL, NULL, 3),
	(2268, 22, 22, NULL, NULL, NULL, 3),
	(2269, 21, 22, NULL, NULL, NULL, 3),
	(2270, 36, 22, NULL, NULL, NULL, 3),
	(2271, 31, 22, NULL, NULL, NULL, 3),
	(2272, 35, 22, NULL, NULL, NULL, 3),
	(2273, 38, 22, NULL, NULL, NULL, 3),
	(2274, 24, 22, NULL, NULL, NULL, 3),
	(2275, 29, 22, NULL, NULL, NULL, 3),
	(2276, 32, 22, NULL, NULL, NULL, 3),
	(2277, 39, 22, NULL, NULL, NULL, 3),
	(2278, 34, 22, NULL, NULL, NULL, 4),
	(2279, 22, 22, NULL, NULL, NULL, 4),
	(2280, 28, 22, NULL, NULL, NULL, 4),
	(2281, 22, 22, NULL, NULL, NULL, 4),
	(2282, 21, 22, NULL, NULL, NULL, 4),
	(2283, 36, 22, NULL, NULL, NULL, 4),
	(2284, 31, 22, NULL, NULL, NULL, 4),
	(2285, 35, 22, NULL, NULL, NULL, 4),
	(2286, 38, 22, NULL, NULL, NULL, 4),
	(2287, 24, 22, NULL, NULL, NULL, 4),
	(2288, 29, 22, NULL, NULL, NULL, 4),
	(2289, 32, 22, NULL, NULL, NULL, 4),
	(2290, 39, 22, NULL, NULL, NULL, 4),
	(2291, 34, 22, NULL, NULL, NULL, 5),
	(2292, 22, 22, NULL, NULL, NULL, 5),
	(2293, 28, 22, NULL, NULL, NULL, 5),
	(2294, 22, 22, NULL, NULL, NULL, 5),
	(2295, 21, 22, NULL, NULL, NULL, 5),
	(2296, 36, 22, NULL, NULL, NULL, 5),
	(2297, 31, 22, NULL, NULL, NULL, 5),
	(2298, 35, 22, NULL, NULL, NULL, 5),
	(2299, 38, 22, NULL, NULL, NULL, 5),
	(2300, 24, 22, NULL, NULL, NULL, 5),
	(2301, 29, 22, NULL, NULL, NULL, 5),
	(2302, 32, 22, NULL, NULL, NULL, 5),
	(2303, 39, 22, NULL, NULL, NULL, 5),
	(2304, 34, 22, NULL, NULL, NULL, 6),
	(2305, 22, 22, NULL, NULL, NULL, 6),
	(2306, 28, 22, NULL, NULL, NULL, 6),
	(2307, 22, 22, NULL, NULL, NULL, 6),
	(2308, 21, 22, NULL, NULL, NULL, 6),
	(2309, 36, 22, NULL, NULL, NULL, 6),
	(2310, 31, 22, NULL, NULL, NULL, 6),
	(2311, 35, 22, NULL, NULL, NULL, 6),
	(2312, 38, 22, NULL, NULL, NULL, 6),
	(2313, 24, 22, NULL, NULL, NULL, 6),
	(2314, 29, 22, NULL, NULL, NULL, 6),
	(2315, 32, 22, NULL, NULL, NULL, 6),
	(2316, 39, 22, NULL, NULL, NULL, 6),
	(2317, 34, 22, NULL, NULL, NULL, 7),
	(2318, 22, 22, NULL, NULL, NULL, 7),
	(2319, 28, 22, NULL, NULL, NULL, 7),
	(2320, 22, 22, NULL, NULL, NULL, 7),
	(2321, 21, 22, NULL, NULL, NULL, 7),
	(2322, 36, 22, NULL, NULL, NULL, 7),
	(2323, 31, 22, NULL, NULL, NULL, 7),
	(2324, 35, 22, NULL, NULL, NULL, 7),
	(2325, 38, 22, NULL, NULL, NULL, 7),
	(2326, 24, 22, NULL, NULL, NULL, 7),
	(2327, 29, 22, NULL, NULL, NULL, 7),
	(2328, 39, 22, NULL, NULL, NULL, 7),
	(2329, 30, 22, NULL, NULL, NULL, 2),
	(2330, 30, 22, NULL, NULL, NULL, 3),
	(2331, 30, 22, NULL, NULL, NULL, 4),
	(2332, 25, 22, NULL, NULL, NULL, 4),
	(2333, 37, 22, NULL, NULL, NULL, 5),
	(2334, 27, 22, NULL, NULL, NULL, 5),
	(2335, 33, 22, NULL, NULL, NULL, 7),
	(2336, 26, 22, NULL, NULL, NULL, 7),
	(2337, 34, 22, NULL, NULL, NULL, 1),
	(2338, 22, 22, NULL, NULL, NULL, 1),
	(2339, 28, 22, NULL, NULL, NULL, 1),
	(2340, 22, 22, NULL, NULL, NULL, 1),
	(2341, 21, 22, NULL, NULL, NULL, 1),
	(2342, 36, 22, NULL, NULL, NULL, 1),
	(2343, 31, 22, NULL, NULL, NULL, 1),
	(2344, 35, 22, NULL, NULL, NULL, 1),
	(2345, 38, 22, NULL, NULL, NULL, 1),
	(2346, 24, 23, NULL, NULL, NULL, 1),
	(2347, 29, 23, NULL, NULL, NULL, 1),
	(2348, 32, 23, NULL, NULL, NULL, 1),
	(2349, 39, 23, NULL, NULL, NULL, 1),
	(2350, 34, 23, NULL, NULL, NULL, 2),
	(2351, 22, 23, NULL, NULL, NULL, 2),
	(2352, 28, 23, NULL, NULL, NULL, 2),
	(2353, 22, 23, NULL, NULL, NULL, 2),
	(2354, 21, 23, NULL, NULL, NULL, 2),
	(2355, 36, 23, NULL, NULL, NULL, 2),
	(2356, 31, 23, NULL, NULL, NULL, 2),
	(2357, 35, 23, NULL, NULL, NULL, 2),
	(2358, 38, 23, NULL, NULL, NULL, 2),
	(2359, 24, 23, NULL, NULL, NULL, 2),
	(2360, 29, 23, NULL, NULL, NULL, 2),
	(2361, 32, 23, NULL, NULL, NULL, 2),
	(2362, 39, 23, NULL, NULL, NULL, 2),
	(2363, 34, 23, NULL, NULL, NULL, 3),
	(2364, 22, 23, NULL, NULL, NULL, 3),
	(2365, 28, 23, NULL, NULL, NULL, 3),
	(2366, 22, 23, NULL, NULL, NULL, 3),
	(2367, 21, 23, NULL, NULL, NULL, 3),
	(2368, 36, 23, NULL, NULL, NULL, 3),
	(2369, 31, 23, NULL, NULL, NULL, 3),
	(2370, 35, 23, NULL, NULL, NULL, 3),
	(2371, 38, 23, NULL, NULL, NULL, 3),
	(2372, 24, 23, NULL, NULL, NULL, 3),
	(2373, 29, 23, NULL, NULL, NULL, 3),
	(2374, 32, 23, NULL, NULL, NULL, 3),
	(2375, 39, 23, NULL, NULL, NULL, 3),
	(2376, 34, 23, NULL, NULL, NULL, 4),
	(2377, 22, 23, NULL, NULL, NULL, 4),
	(2378, 28, 23, NULL, NULL, NULL, 4),
	(2379, 22, 23, NULL, NULL, NULL, 4),
	(2380, 21, 23, NULL, NULL, NULL, 4),
	(2381, 36, 23, NULL, NULL, NULL, 4),
	(2382, 31, 23, NULL, NULL, NULL, 4),
	(2383, 35, 23, NULL, NULL, NULL, 4),
	(2384, 38, 23, NULL, NULL, NULL, 4),
	(2385, 24, 23, NULL, NULL, NULL, 4),
	(2386, 29, 23, NULL, NULL, NULL, 4),
	(2387, 32, 23, NULL, NULL, NULL, 4),
	(2388, 39, 23, NULL, NULL, NULL, 4),
	(2389, 34, 23, NULL, NULL, NULL, 5),
	(2390, 22, 23, NULL, NULL, NULL, 5),
	(2391, 28, 23, NULL, NULL, NULL, 5),
	(2392, 22, 23, NULL, NULL, NULL, 5),
	(2393, 21, 23, NULL, NULL, NULL, 5),
	(2394, 36, 23, NULL, NULL, NULL, 5),
	(2395, 31, 23, NULL, NULL, NULL, 5),
	(2396, 35, 23, NULL, NULL, NULL, 5),
	(2397, 38, 23, NULL, NULL, NULL, 5),
	(2398, 24, 23, NULL, NULL, NULL, 5),
	(2399, 29, 23, NULL, NULL, NULL, 5),
	(2400, 32, 23, NULL, NULL, NULL, 5),
	(2401, 39, 23, NULL, NULL, NULL, 5),
	(2402, 34, 23, NULL, NULL, NULL, 6),
	(2403, 22, 23, NULL, NULL, NULL, 6),
	(2404, 28, 23, NULL, NULL, NULL, 6),
	(2405, 22, 23, NULL, NULL, NULL, 6),
	(2406, 21, 23, NULL, NULL, NULL, 6),
	(2407, 36, 23, NULL, NULL, NULL, 6),
	(2408, 31, 23, NULL, NULL, NULL, 6),
	(2409, 35, 23, NULL, NULL, NULL, 6),
	(2410, 38, 23, NULL, NULL, NULL, 6),
	(2411, 24, 23, NULL, NULL, NULL, 6),
	(2412, 29, 23, NULL, NULL, NULL, 6),
	(2413, 32, 23, NULL, NULL, NULL, 6),
	(2414, 39, 23, NULL, NULL, NULL, 6),
	(2415, 34, 23, NULL, NULL, NULL, 7),
	(2416, 22, 23, NULL, NULL, NULL, 7),
	(2417, 28, 23, NULL, NULL, NULL, 7),
	(2418, 22, 23, NULL, NULL, NULL, 7),
	(2419, 21, 23, NULL, NULL, NULL, 7),
	(2420, 36, 23, NULL, NULL, NULL, 7),
	(2421, 31, 23, NULL, NULL, NULL, 7),
	(2422, 35, 23, NULL, NULL, NULL, 7),
	(2423, 38, 23, NULL, NULL, NULL, 7),
	(2424, 24, 23, NULL, NULL, NULL, 7),
	(2425, 29, 23, NULL, NULL, NULL, 7),
	(2426, 39, 23, NULL, NULL, NULL, 7),
	(2427, 30, 23, NULL, NULL, NULL, 2),
	(2428, 30, 23, NULL, NULL, NULL, 3),
	(2429, 30, 23, NULL, NULL, NULL, 4),
	(2430, 25, 23, NULL, NULL, NULL, 4),
	(2431, 37, 23, NULL, NULL, NULL, 5),
	(2432, 27, 23, NULL, NULL, NULL, 5),
	(2433, 33, 23, NULL, NULL, NULL, 7),
	(2434, 26, 23, NULL, NULL, NULL, 7),
	(2435, 34, 23, NULL, NULL, NULL, 1),
	(2436, 22, 23, NULL, NULL, NULL, 1),
	(2437, 28, 23, NULL, NULL, NULL, 1),
	(2438, 22, 23, NULL, NULL, NULL, 1),
	(2439, 21, 23, NULL, NULL, NULL, 1),
	(2440, 36, 23, NULL, NULL, NULL, 1),
	(2441, 31, 23, NULL, NULL, NULL, 1),
	(2442, 35, 23, NULL, NULL, NULL, 1),
	(2443, 38, 23, NULL, NULL, NULL, 1),
	(2444, 24, 24, NULL, NULL, NULL, 1),
	(2445, 29, 24, NULL, NULL, NULL, 1),
	(2446, 32, 24, NULL, NULL, NULL, 1),
	(2447, 39, 24, NULL, NULL, NULL, 1),
	(2448, 34, 24, NULL, NULL, NULL, 2),
	(2449, 22, 24, NULL, NULL, NULL, 2),
	(2450, 28, 24, 8, NULL, NULL, 2),
	(2451, 22, 24, NULL, NULL, NULL, 2),
	(2452, 21, 24, NULL, NULL, NULL, 2),
	(2453, 36, 24, NULL, NULL, NULL, 2),
	(2454, 31, 24, NULL, NULL, NULL, 2),
	(2455, 35, 24, NULL, NULL, NULL, 2),
	(2456, 38, 24, NULL, NULL, NULL, 2),
	(2457, 24, 24, NULL, NULL, NULL, 2),
	(2458, 29, 24, NULL, NULL, NULL, 2),
	(2459, 32, 24, NULL, NULL, NULL, 2),
	(2460, 39, 24, NULL, NULL, NULL, 2),
	(2461, 34, 24, NULL, NULL, NULL, 3),
	(2462, 22, 24, NULL, NULL, NULL, 3),
	(2463, 28, 24, NULL, NULL, NULL, 3),
	(2464, 22, 24, NULL, NULL, NULL, 3),
	(2465, 21, 24, NULL, NULL, NULL, 3),
	(2466, 36, 24, NULL, NULL, NULL, 3),
	(2467, 31, 24, 11, NULL, NULL, 3),
	(2468, 35, 24, NULL, NULL, NULL, 3),
	(2469, 38, 24, 2, NULL, NULL, 3),
	(2470, 24, 24, NULL, NULL, NULL, 3),
	(2471, 29, 24, NULL, NULL, NULL, 3),
	(2472, 32, 24, NULL, NULL, NULL, 3),
	(2473, 39, 24, NULL, NULL, NULL, 3),
	(2474, 34, 24, NULL, NULL, NULL, 4),
	(2475, 22, 24, NULL, NULL, NULL, 4),
	(2476, 28, 24, NULL, NULL, NULL, 4),
	(2477, 22, 24, NULL, NULL, NULL, 4),
	(2478, 21, 24, NULL, NULL, NULL, 4),
	(2479, 36, 24, NULL, NULL, NULL, 4),
	(2480, 31, 24, NULL, NULL, NULL, 4),
	(2481, 35, 24, NULL, NULL, NULL, 4),
	(2482, 38, 24, NULL, NULL, NULL, 4),
	(2483, 24, 24, NULL, NULL, NULL, 4),
	(2484, 29, 24, NULL, NULL, NULL, 4),
	(2485, 32, 24, NULL, NULL, NULL, 4),
	(2486, 39, 24, NULL, NULL, NULL, 4),
	(2487, 34, 24, NULL, NULL, NULL, 5),
	(2488, 22, 24, NULL, NULL, NULL, 5),
	(2489, 28, 24, 7, NULL, NULL, 5),
	(2490, 22, 24, 11, NULL, NULL, 5),
	(2491, 21, 24, NULL, NULL, NULL, 5),
	(2492, 36, 24, NULL, NULL, NULL, 5),
	(2493, 31, 24, NULL, NULL, NULL, 5),
	(2494, 35, 24, NULL, NULL, NULL, 5),
	(2495, 38, 24, NULL, NULL, NULL, 5),
	(2496, 24, 24, NULL, NULL, NULL, 5),
	(2497, 29, 24, 6, NULL, NULL, 5),
	(2498, 32, 24, NULL, NULL, NULL, 5),
	(2499, 39, 24, NULL, NULL, NULL, 5),
	(2500, 34, 24, NULL, NULL, NULL, 6),
	(2501, 22, 24, NULL, NULL, NULL, 6),
	(2502, 28, 24, NULL, NULL, NULL, 6),
	(2503, 22, 24, NULL, NULL, NULL, 6),
	(2504, 21, 24, NULL, NULL, NULL, 6),
	(2505, 36, 24, NULL, NULL, NULL, 6),
	(2506, 31, 24, NULL, NULL, NULL, 6),
	(2507, 35, 24, NULL, NULL, NULL, 6),
	(2508, 38, 24, NULL, NULL, NULL, 6),
	(2509, 24, 24, NULL, NULL, NULL, 6),
	(2510, 29, 24, NULL, NULL, NULL, 6),
	(2511, 32, 24, 10, NULL, NULL, 6),
	(2512, 39, 24, NULL, NULL, NULL, 6),
	(2513, 34, 24, NULL, NULL, NULL, 7),
	(2514, 22, 24, 11, NULL, NULL, 7),
	(2515, 28, 24, NULL, NULL, NULL, 7),
	(2516, 22, 24, NULL, NULL, NULL, 7),
	(2517, 21, 24, NULL, NULL, NULL, 7),
	(2518, 36, 24, NULL, NULL, NULL, 7),
	(2519, 31, 24, 9, NULL, NULL, 7),
	(2520, 35, 24, NULL, NULL, NULL, 7),
	(2521, 38, 24, NULL, NULL, NULL, 7),
	(2522, 24, 24, NULL, NULL, NULL, 7),
	(2523, 29, 24, NULL, NULL, NULL, 7),
	(2524, 39, 24, NULL, NULL, NULL, 7),
	(2525, 30, 24, NULL, NULL, NULL, 2),
	(2526, 30, 24, NULL, NULL, NULL, 3),
	(2527, 30, 24, NULL, NULL, NULL, 4),
	(2528, 25, 24, NULL, NULL, NULL, 4),
	(2529, 37, 24, NULL, NULL, NULL, 5),
	(2530, 27, 24, 7, NULL, NULL, 5),
	(2531, 33, 24, NULL, NULL, NULL, 7),
	(2532, 26, 24, NULL, NULL, NULL, 7),
	(2533, 34, 24, NULL, NULL, NULL, 1),
	(2534, 22, 24, NULL, NULL, NULL, 1),
	(2535, 28, 24, NULL, NULL, NULL, 1),
	(2536, 22, 24, NULL, NULL, NULL, 1),
	(2537, 21, 24, NULL, NULL, NULL, 1),
	(2538, 36, 24, NULL, NULL, NULL, 1),
	(2539, 31, 24, NULL, NULL, NULL, 1),
	(2540, 35, 24, NULL, NULL, NULL, 1),
	(2541, 38, 24, NULL, NULL, NULL, 1),
	(2542, 24, 25, NULL, NULL, NULL, 1),
	(2543, 29, 25, NULL, NULL, NULL, 1),
	(2544, 32, 25, NULL, NULL, NULL, 1),
	(2545, 39, 25, NULL, NULL, NULL, 1),
	(2546, 34, 25, NULL, NULL, NULL, 2),
	(2547, 22, 25, NULL, NULL, NULL, 2),
	(2548, 28, 25, NULL, NULL, NULL, 2),
	(2549, 22, 25, NULL, NULL, NULL, 2),
	(2550, 21, 25, NULL, NULL, NULL, 2),
	(2551, 36, 25, NULL, NULL, NULL, 2),
	(2552, 31, 25, NULL, NULL, NULL, 2),
	(2553, 35, 25, NULL, NULL, NULL, 2),
	(2554, 38, 25, NULL, NULL, NULL, 2),
	(2555, 24, 25, NULL, NULL, NULL, 2),
	(2556, 29, 25, NULL, NULL, NULL, 2),
	(2557, 32, 25, NULL, NULL, NULL, 2),
	(2558, 39, 25, NULL, NULL, NULL, 2),
	(2559, 34, 25, NULL, NULL, NULL, 3),
	(2560, 22, 25, NULL, NULL, NULL, 3),
	(2561, 28, 25, NULL, NULL, NULL, 3),
	(2562, 22, 25, NULL, NULL, NULL, 3),
	(2563, 21, 25, NULL, NULL, NULL, 3),
	(2564, 36, 25, NULL, NULL, NULL, 3),
	(2565, 31, 25, NULL, NULL, NULL, 3),
	(2566, 35, 25, NULL, NULL, NULL, 3),
	(2567, 38, 25, NULL, NULL, NULL, 3),
	(2568, 24, 25, NULL, NULL, NULL, 3),
	(2569, 29, 25, NULL, NULL, NULL, 3),
	(2570, 32, 25, NULL, NULL, NULL, 3),
	(2571, 39, 25, NULL, NULL, NULL, 3),
	(2572, 34, 25, NULL, NULL, NULL, 4),
	(2573, 22, 25, NULL, NULL, NULL, 4),
	(2574, 28, 25, NULL, NULL, NULL, 4),
	(2575, 22, 25, NULL, NULL, NULL, 4),
	(2576, 21, 25, NULL, NULL, NULL, 4),
	(2577, 36, 25, NULL, NULL, NULL, 4),
	(2578, 31, 25, NULL, NULL, NULL, 4),
	(2579, 35, 25, NULL, NULL, NULL, 4),
	(2580, 38, 25, NULL, NULL, NULL, 4),
	(2581, 24, 25, NULL, NULL, NULL, 4),
	(2582, 29, 25, NULL, NULL, NULL, 4),
	(2583, 32, 25, NULL, NULL, NULL, 4),
	(2584, 39, 25, NULL, NULL, NULL, 4),
	(2585, 34, 25, NULL, NULL, NULL, 5),
	(2586, 22, 25, NULL, NULL, NULL, 5),
	(2587, 28, 25, NULL, NULL, NULL, 5),
	(2588, 22, 25, NULL, NULL, NULL, 5),
	(2589, 21, 25, NULL, NULL, NULL, 5),
	(2590, 36, 25, NULL, NULL, NULL, 5),
	(2591, 31, 25, NULL, NULL, NULL, 5),
	(2592, 35, 25, NULL, NULL, NULL, 5),
	(2593, 38, 25, NULL, NULL, NULL, 5),
	(2594, 24, 25, NULL, NULL, NULL, 5),
	(2595, 29, 25, NULL, NULL, NULL, 5),
	(2596, 32, 25, NULL, NULL, NULL, 5),
	(2597, 39, 25, NULL, NULL, NULL, 5),
	(2598, 34, 25, NULL, NULL, NULL, 6),
	(2599, 22, 25, NULL, NULL, NULL, 6),
	(2600, 28, 25, NULL, NULL, NULL, 6),
	(2601, 22, 25, NULL, NULL, NULL, 6),
	(2602, 21, 25, NULL, NULL, NULL, 6),
	(2603, 36, 25, NULL, NULL, NULL, 6),
	(2604, 31, 25, NULL, NULL, NULL, 6),
	(2605, 35, 25, NULL, NULL, NULL, 6),
	(2606, 38, 25, NULL, NULL, NULL, 6),
	(2607, 24, 25, NULL, NULL, NULL, 6),
	(2608, 29, 25, NULL, NULL, NULL, 6),
	(2609, 32, 25, NULL, NULL, NULL, 6),
	(2610, 39, 25, NULL, NULL, NULL, 6),
	(2611, 34, 25, NULL, NULL, NULL, 7),
	(2612, 22, 25, NULL, NULL, NULL, 7),
	(2613, 28, 25, NULL, NULL, NULL, 7),
	(2614, 22, 25, NULL, NULL, NULL, 7),
	(2615, 21, 25, NULL, NULL, NULL, 7),
	(2616, 36, 25, NULL, NULL, NULL, 7),
	(2617, 31, 25, NULL, NULL, NULL, 7),
	(2618, 35, 25, NULL, NULL, NULL, 7),
	(2619, 38, 25, NULL, NULL, NULL, 7),
	(2620, 24, 25, NULL, NULL, NULL, 7),
	(2621, 29, 25, NULL, NULL, NULL, 7),
	(2622, 39, 25, NULL, NULL, NULL, 7),
	(2623, 30, 25, NULL, NULL, NULL, 2),
	(2624, 30, 25, NULL, NULL, NULL, 3),
	(2625, 30, 25, NULL, NULL, NULL, 4),
	(2626, 25, 25, NULL, NULL, NULL, 4),
	(2627, 37, 25, NULL, NULL, NULL, 5),
	(2628, 27, 25, NULL, NULL, NULL, 5),
	(2629, 33, 25, NULL, NULL, NULL, 7),
	(2630, 26, 25, NULL, NULL, NULL, 7),
	(2631, 34, 25, NULL, NULL, NULL, 1),
	(2632, 22, 25, NULL, NULL, NULL, 1),
	(2633, 28, 25, NULL, NULL, NULL, 1),
	(2634, 22, 25, NULL, NULL, NULL, 1),
	(2635, 21, 25, NULL, NULL, NULL, 1),
	(2636, 36, 25, NULL, NULL, NULL, 1),
	(2637, 31, 25, NULL, NULL, NULL, 1),
	(2638, 35, 25, NULL, NULL, NULL, 1),
	(2639, 38, 25, NULL, NULL, NULL, 1);
/*!40000 ALTER TABLE `todos` ENABLE KEYS */;

-- Listage des données de la table csunvb_csu.todosheets : ~25 rows (environ)
/*!40000 ALTER TABLE `todosheets` DISABLE KEYS */;
INSERT INTO `todosheets` (`id`, `week`, `status_id`, `base_id`, `closeBy`, `template_name`) VALUES
	(1, 2113, 3, 1, NULL, NULL),
	(2, 2114, 3, 1, NULL, NULL),
	(3, 2115, 3, 1, NULL, NULL),
	(4, 2116, 2, 1, NULL, NULL),
	(5, 2117, 1, 1, NULL, NULL),
	(6, 2113, 3, 2, NULL, NULL),
	(7, 2114, 3, 2, NULL, NULL),
	(8, 2115, 3, 2, NULL, NULL),
	(9, 2116, 2, 2, NULL, NULL),
	(10, 2117, 1, 2, NULL, NULL),
	(11, 2113, 3, 3, NULL, NULL),
	(12, 2114, 3, 3, NULL, NULL),
	(13, 2115, 3, 3, NULL, NULL),
	(14, 2116, 2, 3, NULL, NULL),
	(15, 2117, 1, 3, NULL, NULL),
	(16, 2113, 3, 4, NULL, NULL),
	(17, 2114, 3, 4, NULL, NULL),
	(18, 2115, 3, 4, NULL, NULL),
	(19, 2116, 2, 4, NULL, NULL),
	(20, 2117, 1, 4, NULL, NULL),
	(21, 2113, 3, 5, NULL, NULL),
	(22, 2114, 3, 5, NULL, NULL),
	(23, 2115, 3, 5, NULL, NULL),
	(24, 2116, 2, 5, NULL, NULL),
	(25, 2117, 1, 5, NULL, NULL);
/*!40000 ALTER TABLE `todosheets` ENABLE KEYS */;

-- Listage des données de la table csunvb_csu.todothings : ~20 rows (environ)
/*!40000 ALTER TABLE `todothings` DISABLE KEYS */;
INSERT INTO `todothings` (`id`, `description`, `daything`, `type`, `display_order`) VALUES
	(21, 'Changer Bac chariot de nettoyage', 1, NULL, 5),
	(22, 'Check Ambulance et Communication', 1, NULL, 2),
	(23, 'Check bibliothèque', 1, NULL, 4),
	(24, 'Check de nuit ', 0, NULL, 21),
	(25, 'Commande mat et commande pharma.', 1, NULL, 6),
	(26, 'Commande O2', 0, NULL, 25),
	(27, 'Contrôle niveau véhicule', 1, NULL, 8),
	(28, 'Contrôle stupéfiants + Date perf. Chaudes', 1, NULL, 3),
	(29, 'Contrôle stupéfiants Nova .... (Morphine X4, Fentanyl X6)', 0, 'novas', 22),
	(30, 'Désinfection + Inventaire hebdo Nova ....', 1, 'novas', 11),
	(31, 'Tâches spécifiques de jour', 1, NULL, 13),
	(32, 'Tâches spécifiques de nuit', 0, NULL, 23),
	(33, 'Envoi rapport STUP hebdo à gt pharmacie', 1, NULL, 9),
	(34, 'Fax 144 Transmission', 1, NULL, 1),
	(35, 'Formation', 1, NULL, 14),
	(36, 'Nettoyage centrale et garage', 1, NULL, 10),
	(37, 'Rangement mat', 1, NULL, 7),
	(38, 'Remise locaux ambulances ', 1, NULL, 15),
	(39, 'Remise locaux Transmission', 0, NULL, 24),
	(40, 'Tâches selon nécessité', 1, NULL, 12);
/*!40000 ALTER TABLE `todothings` ENABLE KEYS */;

-- Listage des données de la table csunvb_csu.tokens : ~0 rows (environ)
/*!40000 ALTER TABLE `tokens` DISABLE KEYS */;
/*!40000 ALTER TABLE `tokens` ENABLE KEYS */;

-- Listage des données de la table csunvb_csu.users : ~13 rows (environ)
/*!40000 ALTER TABLE `users` DISABLE KEYS */;
INSERT INTO `users` (`id`, `firstname`, `lastname`, `initials`, `password`, `admin`, `firstconnect`, `email`, `mobileNumber`, `number`) VALUES
	(1, 'Admin', 'istrateur', 'ANN', '$2y$10$QFeM.bl6VdZdGXJaPvSodeCKPRvFJZgmYeU/ZVnYt0p/LbZDNuvhy', 1, 1, NULL, NULL, NULL),
	(2, 'Michelle', 'Dutoit', 'MDT', '$2y$10$i0cgyQlhtTl4Gp1eHX1GK.37umWwI9mqWsXHqTQLjFWIyt5e7J6nS', 0, 0, NULL, NULL, NULL),
	(3, 'Antonio', 'Casaburi', 'ACI', '$2y$10$NtDXutN9baamLrMugoAdAODxW5ot9.ImKn9NomZNMZocELkymDFvC', 1, 0, NULL, NULL, NULL),
	(4, 'Xavier', 'Carrel', 'XCL', '$2y$10$QcssFUbiDCWC.1ggh3UYOukKcN2zqYF/LuraET75yLNMHU1kPNqfa', 1, 0, NULL, NULL, NULL),
	(5, 'Thierry', 'Billieux', 'TBX', '$2y$10$KOto6XQdNqRZjoK.yXNNZ.29ycB311mHI.QM3DNJlVyoZRPFgNPbS', 1, 0, NULL, NULL, NULL),
	(6, 'Michaël', 'Gogniat', 'MGT', '$2y$10$6JjX6WpKdgRZ44PQj.5C2.9mO2CeAekcKngNmvRh9ttX9mSyO8LGu', 1, 0, NULL, NULL, NULL),
	(7, 'Philippe', 'Michel', 'PML', '$2y$10$2VfVqMAibraMuJWzMLSiLeBDXOnM9Lig7uapBb2iToqiFhylytM2O', 0, 0, NULL, NULL, NULL),
	(8, 'Laurent', 'Pedroli', 'LPI', '$2y$10$ARMvzj7acmGDIzoBBNRghObQLpSf3FUKm7nN4n8MpranEVlHOq.eq', 0, 0, NULL, NULL, NULL),
	(9, 'Damaris', 'Bourgeois', 'DMS', '$2y$10$enagKYdNGrztWs1pHSLB/.QaupoFkHc9hOCa9LoyjwWZpGvlKtYZ6', 0, 1, NULL, NULL, NULL),
	(10, 'Laurent', 'Scheurer', 'LSR', '$2y$10$yyM/oFu8x.3Sfqrl4WrJUuVuTHVO/QDWAsm/dvco715c8ph1qk1Om', 0, 0, NULL, NULL, NULL),
	(11, 'Galien', 'Wolfer', 'GWR', '$2y$10$wPiLR73utWWTt1DajuAQTuG50lcJFkemE9IvEgez16Ykau0p3L3Ca', 0, 1, NULL, NULL, NULL),
	(12, 'Damaris ', 'Bourgeois', 'DBS', '$2y$10$3Cdjk8G095JgQjPqjZP6l.uFrbkF0/SF65UHCRZ/BKwdStrCLOXlK', 0, 0, NULL, NULL, NULL),
	(103, 'a', 'a', 'a', '$2y$10$xyeZqWqFtyv5udG3Thj4ouLzUiImdSEd6yQbF2n8nRSZRUKfCtgH.', 0, 0, NULL, NULL, NULL);
/*!40000 ALTER TABLE `users` ENABLE KEYS */;

-- Listage des données de la table csunvb_csu.workplannings : ~0 rows (environ)
/*!40000 ALTER TABLE `workplannings` DISABLE KEYS */;
/*!40000 ALTER TABLE `workplannings` ENABLE KEYS */;

-- Listage des données de la table csunvb_csu.worktimes : ~0 rows (environ)
/*!40000 ALTER TABLE `worktimes` DISABLE KEYS */;
/*!40000 ALTER TABLE `worktimes` ENABLE KEYS */;

/*!40101 SET SQL_MODE=IFNULL(@OLD_SQL_MODE, '') */;
/*!40014 SET FOREIGN_KEY_CHECKS=IF(@OLD_FOREIGN_KEY_CHECKS IS NULL, 1, @OLD_FOREIGN_KEY_CHECKS) */;
/*!40101 SET CHARACTER_SET_CLIENT=@OLD_CHARACTER_SET_CLIENT */;
/*!40111 SET SQL_NOTES=@OLD_SQL_NOTES */;
